model,side,layer,cos_unique_shared,cos_unique_raw,cos_shared_raw,cos_unique_conditioning,cos_shared_conditioning,i_unique,i_shared,sigma_unique,sigma_shared,energy_A_unique,energy_B_unique,energy_A_shared,energy_B_shared,count_a,count_b,direction_hash
whisper,encoder,0,5.551115123125783e-17,0.07432498853274246,-0.41554546318193414,,,30,0,0.9727620669571777,0.9999240168489948,2.0083192943205503,1.8245866229440213,280.25996291705445,299.24370734459217,14745,12639,sha256:a80c587771c8d86f5b22030c010e3f587776a6ec592de49878ddec9520886238
whisper,encoder,1,-3.122502256758253e-17,0.1364944028670811,-0.6011334726770948,,,31,0,0.982794559763776,0.9999607210593944,0.8148472448791292,0.7721400388566891,303.9100522398819,324.5928976155677,14745,12639,sha256:2d418e8930495895b292b6372b5c9ab930c4282dcd740cf545f65ae0f57444a8
whisper,encoder,2,-9.540979117872439e-18,0.5917620611452807,-0.0061736328206328656,,,0,4,0.9999619868545616,0.9982094592680943,312.76387978396644,333.4095997581027,1.2447058026143454,1.182840481720106,14745,12639,sha256:878970d561ea3442bbe20673d6d101158179edcbff376fcf59cf0835a8a8caab
whisper,encoder,3,5.0306980803327406e-17,0.6169945198430689,-0.021451548550725296,,,0,9,0.9999641100486119,0.9978365127085641,314.9479834753572,335.5950609099828,1.0664448596063982,1.0543280663518098,14745,12639,sha256:924e53d7ac210db2239f7183fb174c6da9a2a8476dc27e27e31f48629bb8ff70
whisper,encoder,4,-6.938893903907228e-18,0.6204957721788,0.024613507306611795,,,0,7,0.99997706989971,0.9981476319694425,325.11838639149966,346.07705997092614,1.004814521916205,0.9827102187538937,14745,12639,sha256:31da88a193b87fab69660f511c390aa247972421288e50cebcc40b9982cb2856
whisper,encoder,5,6.245004513516506e-17,0.6325869414143974,-0.029275451257766642,,,0,2,0.9999800613495086,0.9983624859036557,331.69623834940285,352.9319812227416,1.1434750757258643,1.1602867431951212,14745,12639,sha256:7c85ada9c5eba5bb457f3b82fa15b36058802413443e109bfa691260a0bcd877
whisper,encoder,6,6.938893903907228e-17,0.6305544608277713,-0.06532023826564348,,,0,3,0.9999811498139975,0.9982122590491427,334.57850635466986,355.95587142814617,0.9865433613216381,1.0548894883351922,14745,12639,sha256:fc65455615cbd5d05632b2be53ea06e6f562e945d57ed57e9959b824459c213d
whisper,encoder,7,3.469446951953614e-17,0.651490321122758,-0.04857245677448065,,,0,3,0.9999813186374912,0.9980579374784566,335.95884199365884,357.570935861268,1.4665647897751328,1.4845057889887618,14745,12639,sha256:aaecf810f6bfe4f8002d2572410b322eda07e7380b716df85ae910bbbd5381e9
whisper,encoder,8,0.0,0.6509516111073131,-0.05621689873698267,,,0,3,0.9999818599809613,0.9979867783742161,339.4556016342043,361.0231332047126,1.5759955669280235,1.5891535345361354,14745,12639,sha256:bc7ab4138215305aaf691817443581f4725f626600c09a537433546c1355d9f7
whisper,encoder,9,1.734723475976807e-17,0.6544148192263461,-0.04684025902623777,,,0,3,0.9999825797080653,0.997957827853693,342.9592946679897,364.556705270737,1.4653179083043306,1.488594029909055,14745,12639,sha256:f1358cd4819cdfcd70c982ed5acc546216352e1c8c802c9060d241a3d5c0e349
whisper,encoder,10,-3.8163916471489756e-17,0.6068843673787094,-0.02235249080545137,,,0,3,0.9999793771191904,0.9976528828713568,346.12808904914306,367.8471812223274,1.6750219316900947,1.7952903024384168,14745,12639,sha256:e9a1ff734288e6bb6a6516cfde5fcf6c1310cefc081d0bb06d5997c61cc33ae3
whisper,encoder,11,3.469446951953614e-18,0.6077639910611005,-0.100660466437812,,,0,3,0.9999781560289493,0.9973158801200741,348.17175006779235,370.09862479677975,1.5017146476349168,1.6615096796744395,14745,12639,sha256:e4a9dc57f0d91bde3155101f1798007fec5c44366e4aecf049cc2649e2c214d7
whisper,encoder,12,4.163336342344337e-17,0.6246979918119605,-0.09092004737803172,,,0,3,0.9999785804160191,0.9971004998316011,350.01324535273733,371.97896550176426,1.4257518826795055,1.5788226414451856,14745,12639,sha256:7bf85b4792b320266aeaf325741caed55bbdbe31ae36e1a97ae2f46632405ce6
whisper,encoder,13,-5.898059818321144e-17,0.6345005903460674,-0.07096971075656854,,,0,3,0.9999792679137695,0.9970489334224196,350.2464859448899,372.1161718419434,1.4040641732776917,1.5756439348687459,14745,12639,sha256:c0d4ac23773c238c0eae3f5a266639136913cac960b314fc08ae5414b48b14b8
whisper,encoder,14,5.377642775528102e-17,0.657527230532378,-0.06330956114728525,,,0,3,0.9999820642953585,0.9971834923582096,352.19047278761457,374.1017837947765,1.1152538823761078,1.2317996244465599,14745,12639,sha256:93f4100114aea64e68580e9f09293ee54ed6f8acf5a9d64bb37634c9550a207b
whisper,encoder,15,1.5178830414797062e-17,0.6265632476888842,-0.04092677816833187,,,0,3,0.999981253616612,0.9975315365086771,351.19099912225613,373.14965573530577,1.1667614456284081,1.2769934270540462,14745,12639,sha256:e2093ccaf7aa7785257beeb42d08ee3f7453c5309b7db4ff5f1ee70f3a52afd9
whisper,encoder,16,1.0408340855860843e-17,0.58495970064062,-0.06625200277109933,,,0,3,0.9999746097086373,0.9969693664139336,356.1491436426078,378.44588579261375,1.169344037642203,1.292088505743113,14745,12639,sha256:8a89d4aaeb4bdcf7f17869f55ec76b3b6035f151875eadb9fef6c95dc90edbf6
whisper,encoder,17,-2.3418766925686896e-17,0.5780975049320743,-0.0940072168510182,,,0,3,0.9999758985078014,0.9963649968917716,354.2880824850027,376.58230932943366,1.1322437036852084,1.2939285188316543,14745,12639,sha256:d09c558600ca4ff8a6bf6f03fc53c29e164d3a465217d77bff5bc6df1939cb9f
whisper,encoder,18,-3.0357660829594124e-17,0.5395935891136797,-0.1409876673412827,,,0,3,0.999965061278061,0.9955742817085068,351.5250979832927,373.78551815298755,0.9707488084474456,1.173668051094464,14745,12639,sha256:f124788c1e961eec11e783db025b2d34f77e316b9520c51c7ed8e4cc36241d24
whisper,encoder,19,4.2500725161431774e-17,0.5479146626116858,-0.09654039927858128,,,0,3,0.9999634642160026,0.9957574158366289,349.7481728789975,371.9439484083442,0.9394896499146836,1.0957680347841179,14745,12639,sha256:fb2e94594f831b451f9b5ade66d56882275e452dde3186f41996fd14cc109e23
whisper,encoder,20,-1.214306433183765e-17,0.4696766166823691,-0.044582063555029305,,,0,3,0.9999530682380681,0.9951553841963138,351.9158867764387,373.9753446058341,0.9307388384184339,1.0346867315130548,14745,12639,sha256:8da67d43b15d1ed889d0c2ffa70f7dbc71b6220a8807b23a20658e6669ea2dd3
whisper,encoder,21,-1.734723475976807e-17,0.10805161493842014,-0.9627548201337195,,,1,0,0.9999465117600647,0.9999982538727596,351.43544578111334,373.09635099613104,3277.454618833755,10760.311587046785,14745,12639,sha256:5b451740b5414ea5056ecd66c013e8ca6a18e682417e70f60e9441faa611fe47
whisper,encoder,22,6.938893903907228e-18,0.10711826772688533,-0.9448876393199218,,,1,0,0.9999447777684005,0.9999982093703568,348.3033421125099,370.2533858691458,3277.330304672214,10759.828471349098,14745,12639,sha256:f54dc5a5636e2a9afa2d8d5381274db89a31177738048f91a6510f1ba02b5673
whisper,encoder,23,-4.423544863740858e-17,0.07557450524764166,-0.9328604575365623,,,30,0,0.9371523362625843,0.9999980540853245,0.4065735731467921,0.21589910707472132,3277.278301961046,10759.751802897777,14745,12639,sha256:95fb79443c690e85cf498b5d5ff7cf8606d6e2157cdb1ebeb770d40d8f2fd171
whisper,encoder,24,-3.469446951953614e-17,0.10362002953519224,-0.9269821728532799,,,1,0,0.9999313471517534,0.9999978574492572,342.3259306617881,363.6555721529718,3277.2952986047226,10759.945363474215,14745,12639,sha256:69c246959027af42dc8b30ec8130a63c0d4b53d6add069ddd2942cd3bad8235d
whisper,encoder,25,0.0,0.09784905650060785,-0.9194038467140752,,,1,0,0.9999116521719407,0.9999976026701245,339.2585854108985,360.0944835882933,3277.227533542674,10759.946705674376,14745,12639,sha256:24780d84a0534120e435921e45b8793a3d4ec3c959a6244613293c07d92b1917
whisper,encoder,26,5.204170427930421e-18,0.03455956347745292,-0.9190549224873841,,,30,0,0.8947568733907674,0.9999974244593638,0.4097437437262757,0.32640394781232474,3277.1903967061803,10759.90412719067,14745,12639,sha256:a22b527b4bde78b7eab7d37612c22e1f9a8cb1e2d8c57ea238aed05306a1154c
whisper,encoder,27,8.673617379884035e-18,0.09854764408615746,-0.919240338145012,,,28,0,0.8888232306346973,0.999997321626371,0.5141878775978089,0.36894167903073705,3277.0225956572585,10759.323281315012,14745,12639,sha256:970a0f5692f63b5a33e8818d4c0650a2d4d7c6a2558983d676aef7dadfeb2cf4
whisper,encoder,28,1.214306433183765e-17,0.20280134446801906,-0.8800984046092284,,,28,0,0.8925554919495533,0.9999971265379299,0.8649769918304836,0.4189283039036712,3276.904960367728,10759.038213491673,14745,12639,sha256:8467ae5006b8044fac2703cf476037855d9b863863922949cad610a82ff5bda0
whisper,encoder,29,-2.0816681711721685e-17,0.17940558325412548,-0.8594127362519474,,,30,0,0.879104804269282,0.9999970363999737,1.0056312266902747,0.4851663383601427,3276.774126511823,10758.348282801184,14745,12639,sha256:2d6b14ebbc44951f160585e3b0a96ab6db294ba3fb4f82b252d3992fa8e38f4a
whisper,encoder,30,1.734723475976807e-17,0.057900313371056236,-0.8092099044393624,,,2,0,0.9994805750166483,0.9999965111967739,209.0660016048854,221.47843463920884,3276.6556731904,10757.850883286897,14745,12639,sha256:95dd84ae2ead1da3f4ad81fd8601975160e99163375a64596fffda7bf3604780
whisper,encoder,31,6.938893903907228e-18,0.06688230019826548,-0.7690045634775937,,,2,0,0.9993464148845186,0.9999960655614651,236.056673629971,251.50269173260088,3276.4841495411783,10756.55085188882,14745,12639,sha256:9db12fab122cce7ce632eb2b94928422e47779e6bb1bb4be0aa514bee49ee8d4
whisper,decoder,0,1.0408340855860843e-17,0.03458208823203208,0.16293185878132818,0.02785817415675635,-0.4402304799199964,30,0,0.761528389031674,0.997960576087519,0.04007095992860621,0.021070470919700213,1.4678185376725486,1.2660944418128883,453,378,sha256:833eb0fb7efa6069e2df050b47c3ba9e75fa00a56ad2662eff6b5927e6c7e8ae
whisper,decoder,1,2.0816681711721685e-17,-0.03962680106784779,0.2513540849126218,-0.07555480798829353,-0.27857698102087647,29,0,0.7451089382339768,0.9981066097691199,0.08668654771565323,0.0582933031165776,3.49839754615504,3.7430717453630926,453,378,sha256:c43c33bf523e7ca0ab1111e1eb33d3e3a7e810bc48ac271d4a125b2953d7623e
whisper,decoder,2,1.231653667943533e-16,-0.040576482465590244,0.291195817715538,0.003955492112802108,-0.04840036065681594,21,0,0.8430414830144305,0.9985067168998135,0.22734775136645935,0.09218829240331086,5.3733373796800326,5.449744910665461,453,378,sha256:0a600602f6d28f6ba2540827e76f93f0aea8e39d962f78212b02b9b1faeda30a
whisper,decoder,3,5.204170427930421e-17,-0.3026543208555483,0.27797288196797754,-0.0645850433531813,-0.006560489954936969,3,0,0.9786664215814612,0.9987047050799933,1.8601093635759802,0.48825403610249785,6.275653266557274,6.8637922453240865,453,378,sha256:d86e0b3826aab9b3c695a785bf31f7286c27b0e028ba33ff6cb1d2fc9e04c712
whisper,decoder,4,-6.591949208711867e-17,-0.22060837041300943,0.3515349065426271,-0.12408087997515363,-0.012294248445087487,3,0,0.9759047703185255,0.9980528919677971,1.8116559826251166,0.5427153395063145,5.47095825880667,5.790253247169238,453,378,sha256:3b3484694f07f904d56a2cc39be63bf9edbe4c3dc12803e96694b256bb956d3e
whisper,decoder,5,1.700029006457271e-16,-0.2613022168930248,0.29597061441756656,-0.12840949659839201,-0.050056124858557,3,0,0.9708011041023467,0.9973399891591329,2.157492460013383,0.4698108499581069,6.319704645980655,6.521725980815246,453,378,sha256:da395e5fd7594bdd48ad33febdf1067c8e2c78c8b687b1da1da66c6b15c093f9
whisper,decoder,6,-6.054184931159057e-16,0.38441186304197733,-0.19700624772924283,-0.025292908904590884,-0.05493003193916678,0,1,0.9922361517609233,0.9782860089432149,6.629324101532007,5.56403718469473,1.5312166074311195,1.267433933780103,453,378,sha256:702c35af3d5db7d5ad7c67cc087999414ef9ef804377c4ba6fc4d32bb2a60d5c
whisper,decoder,7,-1.5959455978986625e-16,0.38314930669413394,-0.3171820909840949,-0.050689660694133956,-0.09786770738263889,0,1,0.9895967889540419,0.9725046952843461,8.605286925469594,6.653125833677647,2.6600043678842695,1.2125294201951449,453,378,sha256:60389684180cb7a39074b8235b3440df57dccca38d61af7676f1604cd5d36a89
whisper,decoder,8,2.220446049250313e-16,0.2614432748205209,-0.47485044332373405,-0.078493341219568,-0.13829271970335894,0,1,0.9880073659299299,0.9697370790293887,10.095125330530259,7.713225599687831,2.7286634001371595,1.1257035554269401,453,378,sha256:d5dfdb1609460f235886ab5f25f1803a00de15ee4018caba9f575163eb32ef6b
whisper,decoder,9,-7.632783294297951e-17,0.26495657650132187,-0.46312871717177095,-0.10432013258834502,-0.11765273711667912,0,1,0.9858840618569186,0.9654908010870192,9.569183928298639,7.629680191014994,2.4554703562964244,1.1846536749215235,453,378,sha256:8277418a8c6ebbd33422ac913dad460fc4d1879ac62bf5e15cca0458e0d1fa8e
whisper,decoder,10,1.0408340855860843e-17,0.3144592981782401,-0.4187639875942286,0.0053671841175162716,-0.10019147388306113,0,1,0.9836395948401045,0.958601787708183,8.277790490462335,7.431021061667947,2.3360423653213784,1.1258102011308795,453,378,sha256:2f4e08b53edc37614d6fa2fcf14f1c477ebe67fa4d76f7df11ab26501a1f91fb
whisper,decoder,11,-1.5612511283791264e-16,0.31083850930878676,-0.3717923484630626,-0.043145324800951575,-0.09366431890820469,0,1,0.9849240919974747,0.9556141210955068,8.824205248931614,8.177027900100773,1.7706820012190692,1.1039671016307484,453,378,sha256:3ec5dc2f1f05605272273b77758321eec235f5280cef62e3136bccd2ca4b8606
whisper,decoder,12,3.0184188481996443e-16,0.3081174213924968,-0.3561057032221605,-0.06484443040988658,-0.10570576038494756,0,1,0.978937793853019,0.9423355919626748,8.896322983764913,7.781255930624509,2.3278298650256173,0.9305516227076234,453,378,sha256:4fedb51c9552558628c3a53e999402c32fd8aa8890844443bde2c3fc78bc4525
whisper,decoder,13,1.1102230246251565e-16,0.3815124519562117,0.04366365969340096,-0.04647800964132234,0.22745573447060322,0,2,0.9789525757002003,0.9267985581136309,10.637497495547482,7.9055858384354885,2.5943521550057316,1.3004718456864317,453,378,sha256:5bc31ac44256be6a6925a9a9caf831bcc75d3b0e0928d7d8864ed15ca2cb09c2
whisper,decoder,14,9.107298248878237e-17,0.38125524502999475,-0.12495295906147044,-0.17676590832281486,-0.17012006593551895,0,2,0.9789724404306702,0.9150109947343856,12.00093049792593,8.931846526908917,2.5822933767148255,0.8643885973940277,453,378,sha256:65ba2b12700b6289216e992d53b48699292accbe407f36d5f87500281e6a0dae
whisper,decoder,15,-1.734723475976807e-16,0.33965525972275556,-0.31316012939902205,-0.1446832556380665,-0.13228653208996669,0,2,0.9795911588845623,0.9182846322218773,10.73107307091293,8.975165179381769,2.014525433149873,0.8913010177469755,453,378,sha256:4bbeb6078780ad457449fd612b967d2dfe3a9431d33e46d613fb9e255c67c008
whisper,decoder,16,-3.122502256758253e-16,0.31816440982401384,-0.25223095510599375,-0.1208264242329969,-0.21154691368532233,0,1,0.9749795670692806,0.9238022940847348,12.468096743323827,9.571291714275615,4.040015077957204,0.8210465585180039,453,378,sha256:f82f7790b6df3ee2a9b8cacda1a98c91a35cdb7e894008e58dde15314f9f7bff
whisper,decoder,17,-4.371503159461554e-16,0.3432483583405022,-0.21172472866076109,-0.1291792657623113,-0.17816332855036213,0,1,0.9695579763411329,0.917781308058516,14.661623830606572,10.052431136487437,2.717994465905333,0.7879696392717148,453,378,sha256:b50e95836fad66d26b8e8579930a819baa9524c96ef7999dd251def26b0fd05c
whisper,decoder,18,1.3877787807814457e-16,0.4978762355985252,-0.34611783551643804,-0.06266370418649822,-0.10115870071562068,0,1,0.9735069598625496,0.9256394747593264,18.787394321094922,9.387087822861002,4.412306985793432,0.7302931706129763,453,378,sha256:e77c03013db9e87d39cdbab023ebae7b39f0c5a4166c3e38a42125cf93378479
whisper,decoder,19,2.0816681711721685e-16,0.4103653779462683,-0.3172655742077112,-0.13612642216770648,-0.0948892147142491,0,1,0.9754386855691582,0.9350368763468024,20.0114168492116,11.77025774109968,5.067416197367825,0.7991556071703566,453,378,sha256:0b5b5c22490dc7ceb0dc93711d9a003a7d9d5e67774e412c333c50bfebd3a03f
whisper,decoder,20,-8.153200337090993e-17,0.3362569316238281,-0.25525646442309946,-0.15545381770849465,-0.08220757732841821,0,1,0.9757278800190493,0.9349618846459447,19.75718430734781,13.227302145334463,4.899062563779355,1.1044066407679725,453,378,sha256:12be148bf1d2a4eaa20903ed65b1b709f9d93bd84b60849e85a17e1ab23d8675
whisper,decoder,21,-3.469446951953614e-16,0.28947665821506047,-0.2523059953471469,-0.15466905289538702,-0.10343975976384726,0,1,0.9800187325992838,0.9363332402617071,21.651293168949785,16.576383494172227,4.40818308381815,1.1902468872238825,453,378,sha256:e250150e109756047b3d7f2cc48369321d653925e40d55fc30a68161f98ec036
whisper,decoder,22,-9.71445146547012e-17,0.2851279868933277,0.07987931620110009,-0.15531491150990073,0.0495992355923124,0,1,0.9827160946594565,0.9330845607134658,24.137524853840603,18.20111393874287,2.47814370756023,1.3932222455158212,453,378,sha256:b4f6df649b4fedccdf195da582a6066d4f848d6c45cc39d759b6c52229b1d687
whisper,decoder,23,2.445960101127298e-16,0.26493653719580357,-0.232556817686269,-0.122924676281566,-0.09531809758610614,0,1,0.98340714921775,0.9323298788613336,28.832195214303006,20.231726036577317,3.9358131926472524,1.0913960773437474,453,378,sha256:800512e313b0919278e77da267866125517d357c6be801ab6ad21b44bfedbce2
whisper,decoder,24,-1.1796119636642288e-16,0.32620016393471285,0.17713319052947968,-0.041124683300517086,0.03802527604334373,0,3,0.9874053575839973,0.9251221904282799,38.41903133948302,24.000745241696432,3.8437653941080625,1.2371387432698149,453,378,sha256:b40b29af2de4a0e7a1e762cfabd395c0fb63ba82bda6bed966567efc1de0df92
whisper,decoder,25,-9.020562075079397e-17,0.23578145981336573,-0.14181758827191623,-0.02745674106992351,0.047541084591616975,0,3,0.9876993096783429,0.9249762275276955,42.3906824771032,31.424102764480104,2.4439473733038164,1.4783822023406914,453,378,sha256:7bfd191c7bb92d40ceb4ba2eb7302cbad1bf511e27fd22b271729b0e5f60dbca
whisper,decoder,26,-2.2985086056692694e-16,0.20643530794547474,-0.22769942465898654,0.015589572788160882,0.03079021040198922,0,3,0.9901647592456195,0.9187551180537022,54.04435703241087,42.22380364957915,3.074450585697332,1.7456116923074256,453,378,sha256:961df4948801e77c5f1b9a2a37f1b0346727a60fd8bc72aa9db06f6266303523
whisper,decoder,27,3.469446951953614e-17,0.152430399929794,-0.2095076702694507,0.029720897015899674,0.06637905287658055,0,3,0.9910087106790235,0.908704978463208,73.0867205330232,62.011747971716815,4.323529645919945,2.6642226712396484,453,378,sha256:43acaa898ffe9e60702baa6390ee1ce7bd556ff8e80d283ef814ebc39d9deb48
whisper,decoder,28,3.469446951953614e-17,0.10294621413890465,-0.011607982926816652,-7.816448120157027e-05,-0.06444829958215188,0,1,0.9896643034952635,0.8822288018164032,94.15376988103418,83.53548583465958,3.016998227510701,2.5103027686031414,453,378,sha256:8648ba65421dad13f71ba84263221f9542245e176aaf327400573b67b7702677
whisper,decoder,29,-8.847089727481716e-17,0.04400220744069942,-0.12611653673444914,-0.026399822032743336,0.10747003410261102,0,2,0.9907778785422633,0.8596649075592514,116.31305926671249,107.94055124478358,4.964265965285492,2.262208855507815,453,378,sha256:25525f4f46e388ba3311f2e14bab1f9878f7c05bb804e175ed6cbee1d305d450
whisper,decoder,30,9.540979117872439e-18,0.010803995596703902,0.013672450391565876,-0.05598640757633773,0.18306962526970932,0,1,0.9915538780846123,0.8794267859683693,140.2905265401206,131.47375655413376,6.294932408323664,2.4937885307210177,453,378,sha256:1cd2a9e4946a77e4fba70d8a76f6fc08d22743a201aaa6cd2036145608bfac55
whisper,decoder,31,1.1449174941446927e-16,0.08441561548455943,0.01361266520656302,0.11503209483975853,0.2889742077923556,0,1,0.992721295691971,0.9073780417786551,169.19462430048623,171.79541116746378,9.923893243451248,3.5387632170799987,453,378,sha256:21bf0e918ab7bb5a41e531b7d90c01a90ad27bc244126608994d399b630d8ee5
qwen3_asr_1p7b,encoder,0,-3.469446951953614e-18,-0.00020954193323313546,-0.018508403501401628,,,28,0,0.9868079214963112,0.999964271856223,1.7582870277479468,1.4299875829910078,354.22015897611186,358.00522593676345,4002,3824,sha256:513219872959b1361ae0b88d0ee023d8650609298805d57a90c57b338ea5bf7a
qwen3_asr_1p7b,encoder,1,0.0,0.029653423828925336,-0.020590531359108696,,,31,0,0.9821944887252995,0.9999635413897496,1.2183574409261815,1.1594916414021061,385.2929847100204,390.25163641382176,4002,3824,sha256:a8bb814ab659d69371103d451f726cf9fbc8eb0c427edabb5b4833caa1868282
qwen3_asr_1p7b,encoder,2,3.469446951953614e-17,0.08492062636235884,-0.025569625261248174,,,28,0,0.9837564793412175,0.9999486011506572,1.5293719536399961,1.524463578906371,366.10694927934514,369.7286086597678,4002,3824,sha256:44b2fa4855c7934c7bf6b8a6049c01a080aa90fb6b186bb5719527114b0eeceb
qwen3_asr_1p7b,encoder,3,-3.469446951953614e-18,0.1579144087443956,-0.05584834185723893,,,31,0,0.9778644576340212,0.9999374987200036,1.744893431546863,1.6138463756614194,379.80081941739934,383.6247993797039,4002,3824,sha256:8e0680260a284062fcd8fc4df3898d22fcc4f36f96008d98e09b9596c0901f22
qwen3_asr_1p7b,encoder,4,-1.3877787807814457e-17,0.13443891068211536,0.05142478797461716,,,28,0,0.9819421555284464,0.9999389507304355,2.1953014411694562,1.9833084521297901,441.65133405553684,445.3630836377438,4002,3824,sha256:44767fcb04093bb55f27336a218ecdfa3e72f34ab002ed9698a4d78dd690eb17
qwen3_asr_1p7b,encoder,5,-6.938893903907228e-18,0.03046775777332853,0.005377124104407466,,,27,0,0.9831141276798995,0.9999074397904734,2.9874568148100638,2.667129355798859,426.33531886919934,431.42914046667636,4002,3824,sha256:389b66eafce6f48508687c07fa55fbee99ce33ec85df08a38a35aaf4e55dd2e1
qwen3_asr_1p7b,encoder,6,2.42861286636753e-17,-0.026153338133821136,-0.05984446992819872,,,31,0,0.9756897817887334,0.9998876450502895,2.6427488350672905,2.1533202916974936,425.51198355548837,430.3028104548006,4002,3824,sha256:84b92c1ef43b871cfb9c0450ea48855b8cf9a4e25bd9932a5ecd8fad55a8747e
qwen3_asr_1p7b,encoder,7,-4.85722573273506e-17,0.08450134520849673,-0.10510125041172344,,,25,0,0.983314654849242,0.9998584033535163,4.031838223753357,3.589589275157998,413.1436098550827,420.4062152041042,4002,3824,sha256:96c0a1e77bb5c6644d5668381b2d8183390b2cae8d4dc3fa4b3f2b0cbe2f426f
qwen3_asr_1p7b,encoder,8,1.0408340855860843e-17,-0.005119733161192037,-0.0829997403125551,,,26,0,0.9832285422012254,0.9998420620647751,4.460727620366242,3.4741791115020586,391.155138311933,397.504894364541,4002,3824,sha256:e7edf43e2e1a7ae650a6756de93401990b7a3a54acbe5a5eedd4b2a3d9bb1740
qwen3_asr_1p7b,encoder,9,-4.85722573273506e-17,0.014171276601717325,-0.1226373965881581,,,25,0,0.9819402646799081,0.9998067453471944,4.754954357359689,3.7446687103551985,357.0426250766825,363.8213654454555,4002,3824,sha256:3a1fb08b61352f6ed9c30402731591dad777f7979c7c92c282dcaddc31f1fe45
qwen3_asr_1p7b,encoder,10,6.938893903907228e-18,0.12039369606712186,-0.1541300750645185,,,31,0,0.9711475509757249,0.9998136872708696,3.5298702654143734,2.8250546286441547,399.9797221271926,409.1544297124818,4002,3824,sha256:915fbe1f5f62add5df6648c4b541498a5029e6a7799924a8a521e1ed3a791a16
qwen3_asr_1p7b,encoder,11,1.0755285551056204e-16,0.17951454619249746,-0.14884779562835998,,,29,0,0.9751849514938632,0.9997735264493341,4.2660895967095405,3.3006640812629513,380.128989262632,390.7131840205133,4002,3824,sha256:c10380fc085ec959c11a880474843c9fd6b46c8056d44139db5a44b366b431bd
qwen3_asr_1p7b,encoder,12,4.5102810375396984e-17,0.06441451586949867,-0.10598303712740925,,,29,0,0.9758615966570323,0.9997921973357355,4.337981838966183,4.071501398246581,395.40583289331613,403.3263500878771,4002,3824,sha256:34b7e5dfeeb704c69a5695b053951129b17902b5655b838a03f5db9ec81fbbd8
qwen3_asr_1p7b,encoder,13,-1.214306433183765e-17,0.06376784418826144,-0.08981622732593396,,,30,0,0.9735744030569804,0.9997304977800168,4.37545854567303,4.06169801547041,339.6819580157277,345.5052382378239,4002,3824,sha256:234c5f31f269627fdb4c392c408d058acf7307133bbfe648ac61941981fa2a10
qwen3_asr_1p7b,encoder,14,1.734723475976807e-17,-0.0013368207669989442,-0.13064745260323027,,,29,0,0.9692145885202114,0.999759610547411,4.694729068575677,4.1664501359666595,371.49038376253793,380.9990046252065,4002,3824,sha256:452240a9a32866f57ffccbef29658d52556565032e11b63d12336b56e41b0364
qwen3_asr_1p7b,encoder,15,-1.734723475976807e-17,0.0158157248749628,-0.1104472189367353,,,31,0,0.9613563153930031,0.9997557572652132,3.090835355372529,2.21786869988393,352.70343796417893,361.8822057570352,4002,3824,sha256:ba8b77fe1f2ea3904e41755a1e428d80b770edcc6f81560f908fa923b05711ae
qwen3_asr_1p7b,encoder,16,-1.734723475976807e-18,0.046754610150075815,-0.11672181890296504,,,30,0,0.9529745060209353,0.9997755236201823,2.709478740192535,2.208708208004856,343.1981028292258,354.1166575983881,4002,3824,sha256:b33a3e79b6a03b2624c79a531114bdc1ccc5494a425a500813f746200fc76773
qwen3_asr_1p7b,encoder,17,-9.020562075079397e-17,0.21756074130884595,-0.10300130231835711,,,30,0,0.9444927400354917,0.999770720784611,3.71335007189065,2.474775150726976,351.1747861908328,360.0559876056636,4002,3824,sha256:6218161bb2aa8788425b9f0a5950ee9606737a386f1ac20811fa0875d9637745
qwen3_asr_1p7b,encoder,18,6.245004513516506e-17,0.05920960925657123,-0.19847101435611753,,,30,0,0.9139159077080721,0.9997823458459121,2.937052655693548,2.0276076987616207,326.2142302099006,347.08769133829725,4002,3824,sha256:43621185ab52f6e7e77c98aae5bdbe2764de0cfd4dcd261c385350e0801e49b8
qwen3_asr_1p7b,encoder,19,-1.3010426069826053e-17,0.08569067732727853,-0.29987063357442933,,,30,0,0.886222807313212,0.9998067809446594,2.9950711557635774,1.5397351776909651,324.88020096987634,359.30717538949915,4002,3824,sha256:bbf30c5ff73a0a071b6960963bc318156a723d6ffc855f76da87e45fd491e477
qwen3_asr_1p7b,encoder,20,-3.469446951953614e-18,0.12137896462586978,-0.27551908853372137,,,30,0,0.8682005966804148,0.9997771586156508,3.4239885877075737,1.789474514903291,346.9382672687554,385.1462748413103,4002,3824,sha256:08443131ff196c20e488f65eac2508a045edbc0d5140943056874adf27e487ff
qwen3_asr_1p7b,encoder,21,-6.938893903907228e-17,-0.0038641771671582854,-0.16228250386828447,,,31,0,0.8370429005467998,0.9997373180499206,3.789771112211625,1.9696405665880676,333.51336966233583,356.2904133975986,4002,3824,sha256:3b600feaada620cd64e089090c70aa327d8dbd45cdeb70baad50f595342ac317
qwen3_asr_1p7b,encoder,22,-3.469446951953614e-17,0.021931982925578054,-0.12521200427401907,,,31,0,0.8140220322687137,0.9996416411876048,3.844865279102063,1.969316932786358,339.57731054888006,356.7374106403357,4002,3824,sha256:c74df3221cf2cc4b6267369c29975dc4f32b37162220dbebac7f1d1b0026cad7
qwen3_asr_1p7b,encoder,23,1.3877787807814457e-17,0.07944323000294262,-0.0702272556055355,,,28,0,0.8517094893668988,0.9994834877058312,6.147974370891199,4.863799700301099,550.4896749814025,564.3840836392075,4002,3824,sha256:445a9559a87bf36af26eba831666b91ad6cc932c9da84b0071280d7b4ee27277
qwen3_asr_1p7b,decoder,0,7.632783294297951e-17,-0.08077302600884931,0.47961175982628224,0.05764038477734739,0.021562528868145723,6,0,0.8906630583255931,0.9973523451126033,0.9421885324867945,0.3754298777464443,21.27619671945061,20.363305496645353,447,346,sha256:3dcff81f51bcbf3fbdf2cbfd6c10b08b1fbb7c182121e1457fec1d76f400e43c
qwen3_asr_1p7b,decoder,1,9.020562075079397e-17,-0.056417223239954586,0.3134743211469301,0.02003060071546022,-0.10772603060787977,21,0,0.7164077591722515,0.9953673147951356,1.9396689277582722,0.7192156691829668,68.27716235856379,67.2243154113407,447,346,sha256:cd7609c5b9b79bb1d23692ef3f4ed7480ea08b11a53e37ed5695381a9d7ad33a
qwen3_asr_1p7b,decoder,2,-7.806255641895632e-18,-0.0948664195304182,0.22215016514494867,0.004052415626471664,-5.722666683978528e-06,25,0,0.6785430810516729,0.99633810711577,2.9674846839157274,1.5626678688629352,164.12852031077793,156.28604097588703,447,346,sha256:eb3351dd5f468a782b2046b38880015be3fa5af3227cd6e3af3fb8a20e8d6d24
qwen3_asr_1p7b,decoder,3,4.163336342344337e-17,-0.2340171959233113,0.2624294842513826,-0.04665595335783315,-0.31310227951666425,4,0,0.9159090903123469,0.9968920679946458,14.666671756038035,6.4014163585413755,319.7207719002125,288.3870668535091,447,346,sha256:c53209a9348dd9242d42674cba8dbf3073f9b6e6326e2e6c64a64c4ae4037188
qwen3_asr_1p7b,decoder,4,1.249000902703301e-16,-0.30035316644822263,0.21702660901655751,-0.11854847081250071,-0.3389180779745129,2,0,0.9435066569891448,0.9980244136908824,31.833551943435747,9.929522260871252,538.4830126634645,508.6908557298285,447,346,sha256:099b3405bdc62a81227bda3d03751bbc0d0f8772e4cc96bcfb4002eddb28d761
qwen3_asr_1p7b,decoder,5,3.122502256758253e-17,-0.15943819808830834,0.25382250340166895,-0.02104503497312847,-0.15745622818354948,18,0,0.8034046573745665,0.998095690628839,10.53943229357368,4.820970428005127,709.9500502836838,665.8419142454093,447,346,sha256:ceb5a19c2d445c2443af56173a11e0baf949b8478cdb37d5553f05c6b92478f7
qwen3_asr_1p7b,decoder,6,-7.979727989493313e-17,0.28924817255065627,0.09202605743340507,-0.1097874901533156,-0.020384702028379262,0,1,0.9965667525301133,0.9461861197162964,923.2307150350373,867.0821619941747,25.915877949847435,22.437713595093477,447,346,sha256:dbc1d609be9f85869310cc00af76edae2b8aa7f07b5f78cefd9aec722ca205dc
qwen3_asr_1p7b,decoder,7,2.0816681711721685e-17,-0.01721540978654085,0.3418634004229315,-0.03912050812078174,-0.04620926067943225,28,0,0.670309846354214,0.9974058253396538,10.936718972006322,3.932235015099478,1160.349502089341,1089.960608941008,447,346,sha256:c16d21069e8e4673f98d966eeea6c473ef813596c4ff9c44b00f8e9d6475b870
qwen3_asr_1p7b,decoder,8,9.020562075079397e-17,0.3381401728727049,-0.2017655195419169,-0.06774383116725254,0.0368969191060014,0,1,0.9975397923547686,0.9482124297505969,1478.2479433337353,1346.524082328331,26.169277524937108,31.26852013889895,447,346,sha256:749a2e750d361ea8f1f1b2e44facd62836113d819de130ba6fdc6c60520163cf
qwen3_asr_1p7b,decoder,9,-1.700029006457271e-16,0.42493176120239007,-0.2323132888774745,-0.0823689929583462,-0.04139852441792655,0,2,0.9980982840924051,0.9491146568239939,2002.676256376458,1748.9651563228185,47.6273664508621,25.931489816861323,447,346,sha256:ab97461e7d08ff160f8c36a183eefa0302eac0a28997cf6c89934551158e37f7
qwen3_asr_1p7b,decoder,10,-9.367506770274758e-17,0.34048970556692526,-0.2505872608100861,-0.07684108582065408,-0.06714230929705212,0,3,0.9986758718161108,0.9463821768929775,3069.2098479849974,2721.314007409207,66.36561921712611,27.57566964092706,447,346,sha256:5c91152a34d311b69321d5223da13dc1d37ebdf7390b535f3f0668267a1daf43
qwen3_asr_1p7b,decoder,11,-5.551115123125783e-17,0.35194994929001694,-0.10702530620780669,-0.01678663851331686,-0.05925582738027261,0,3,0.9988307440866776,0.9578229460334876,4975.5578243848895,4392.995011396709,89.66718615078457,47.42199107453742,447,346,sha256:e034dfbca15ac1829eb83aaba01ecf84607d4206a2fbd064a850aa9aa442c9d1
qwen3_asr_1p7b,decoder,12,2.0816681711721685e-17,0.36268705293961534,-0.26550491090022604,-0.09934956997060525,-0.007529971747708505,0,1,0.9985138119138811,0.9635258842975326,5885.925419046264,5271.985730722277,69.54540882777056,74.49650730355971,447,346,sha256:175c4e63461673c3e0b987fa719272778a7848a24425b51613e8ef772e347748
qwen3_asr_1p7b,decoder,13,-1.3183898417423734e-16,0.3293661206418818,-0.31818004211770506,-0.12440946225667492,-0.013840831205776637,0,1,0.9984839682712934,0.9643497290825495,6895.738919083589,6306.182792887473,83.71115729467343,87.37346977030504,447,346,sha256:eb75309fa08ad364d5a3a61c08ded0461a33c06b6cb70709bb8c24bf6a3fa2b3
qwen3_asr_1p7b,decoder,14,3.469446951953614e-18,0.3070877085504285,-0.08162593201411437,-0.16335142023064436,-0.034105104245696,0,3,0.9983349601976926,0.9421321743978787,8355.02452341342,7651.904975546453,170.58065580023896,68.7759469203204,447,346,sha256:d9d7e53b3ec1843f710ae61c9c373821ffd729423fc265d3ac4226c37f60b60e
qwen3_asr_1p7b,decoder,15,-5.898059818321144e-17,-0.213394271704819,0.24596191802111034,-0.10941329873568707,-0.10210249203839557,3,0,0.9294847290117109,0.998660521523689,295.70556914850073,66.10276414268832,12343.240911504816,11481.363826692766,447,346,sha256:ce7c16068f9b638b6f419cfa458411d7532e52ad329f21dfd396c718911a5f75
qwen3_asr_1p7b,decoder,16,-2.3592239273284576e-16,0.11545707417902239,-0.07753340621595789,0.03615409159613851,0.0023032686733532306,0,2,0.9978753091987094,0.9535493528414744,17523.556109514127,16652.831402347172,498.9275829889904,312.7900363334074,447,346,sha256:80d129fa84955eeb19e850df4125b0dce32ca9de541b494294edef2e24112dc6
qwen3_asr_1p7b,decoder,17,-4.163336342344337e-17,0.17208421660165688,0.03496831648369258,0.054405483667505104,0.0648340582506465,0,1,0.9973073768733289,0.9496462809018429,29988.59184957831,27717.587993112673,505.2424982728275,329.7966397468119,447,346,sha256:a6c2f262ac1e417cb18d7bab9aae0d01bee1dd65330bb43e9f760ed3aebcf746
qwen3_asr_1p7b,decoder,18,-1.3530843112619095e-16,0.05168660837080867,0.10739047242466737,-0.13167529919717355,0.10453197159967992,0,2,0.9970880549067499,0.9282312890039822,48291.53018034782,46841.22191196057,1307.740867495565,963.0356230294717,447,346,sha256:a33d6bfb048aada86a180430fe406c4aba13e5972f6255766767c31979b87690
qwen3_asr_1p7b,decoder,19,-1.5265566588595902e-16,0.09359970834605799,-0.06905312288698418,0.10275408162396876,-0.08710209551867618,1,0,0.9381248372800687,0.9965461799234145,6091.141468029792,2585.4834342609324,68378.07254401458,71503.40796183515,447,346,sha256:a9ced70f7f3fd68f114bc631bfdea5aaa3c5e22c899afa2b813701a7e133877a
qwen3_asr_1p7b,decoder,20,2.7755575615628914e-17,0.23808230778665126,-0.006761644575000905,0.1761176721824555,-0.06067786310981777,1,0,0.9295153751347054,0.9958004144095722,12989.387062528975,3759.5077487064063,119498.39746282464,120764.87671079271,447,346,sha256:0fe96715cb87afc69635e7872315702bf2886b8c2da4ab973e93abd024f8733f
qwen3_asr_1p7b,decoder,21,-1.1102230246251565e-16,0.1551463847307144,0.03230936916836818,0.20164865584234692,-0.07447179914487508,1,0,0.9410487515435207,0.99515437684101,25903.83256100693,10334.012770093821,202361.71199437272,195213.2053112081,447,346,sha256:9e75f358ad3aa2aa640c5fab293a40e5612131f61c31a62126c613a512d6ef28
qwen3_asr_1p7b,decoder,22,6.938893903907228e-17,0.12758764649577653,-0.004750931056374311,0.26010861899508286,-0.04511354358974054,1,0,0.9392762064028785,0.9955210826942715,28156.774217712056,10112.563372678927,361410.4773675343,348418.99344535574,447,346,sha256:60fb4039d11a894542a4f6b40603ca4fa2845fc1b343d13b35f72772fa4dcc37
qwen3_asr_1p7b,decoder,23,1.249000902703301e-16,0.13628859156917913,-0.0552163848523479,0.27634076810195635,0.011582134632547016,1,0,0.9465859731413795,0.9958199115278114,47917.30717187635,20663.850243234727,590043.7107712836,587505.670948855,447,346,sha256:5e0fd673ef2e2c2c8f33239ddc5a28cf124d38bcb9016743e804d7a53a7c8a76
qwen3_asr_1p7b,decoder,24,-5.551115123125783e-17,-0.0055254124290193725,0.20125763680499073,0.043280984693419955,0.32661407648292323,0,1,0.9959075354474076,0.9440830754802172,1054664.1570435527,1005915.6388539354,68844.45363491742,24419.000014405887,447,346,sha256:2ce8de6a4926ca043faca8a33898cab71c3bad0ade58f4161fa8ba8cbb0975b5
qwen3_asr_1p7b,decoder,25,1.3877787807814457e-17,-0.03417433415554387,0.1896292880616936,0.023133449902379973,0.3213831231519223,0,1,0.9966261654503945,0.9389154267104763,1896631.64933763,1817248.9202819292,97855.55888345488,33842.165037883016,447,346,sha256:6e6ad2402cd6e13534046bac3aa8beb3417b834bef94e7806912e16f91d10fc0
qwen3_asr_1p7b,decoder,26,-2.7755575615628914e-17,0.022749785325678396,0.19900927603668084,0.09473775255900325,0.3205553164408477,0,1,0.9974100136791271,0.9395657066359114,3198179.384893834,2926492.9144682577,104323.23861039983,28809.204786690512,447,346,sha256:baede0334691182e001af8536267c44c5786910fdf397089fb1d42b681a2f173
qwen3_asr_1p7b,decoder,27,1.1796119636642288e-16,0.18595424398838376,0.1988847022963261,0.10451211886365842,0.26149975307405826,0,1,0.9981163937614348,0.9387785103877271,5409357.3255988965,4612543.147239851,132545.97521523025,33333.6360676747,447,346,sha256:284938da98fa688f9e987180ecd4cb5adad5395d278645a9f57298782d606e7a
