Dataset,Direction,Side,Layer,rho,Delta-MER,Delta-PIER,Delta-MatrixRet,Delta-Outside
cs_dialogue,Raw,decoder,0,0.25,-0.0026139131467949883,-0.0030864197530864335,0.003024280653244671,-41.0
cs_dialogue,Raw,decoder,0,0.5,0.008198182142220622,-0.006613756613756572,0.007776721679771836,-101.0
cs_dialogue,Raw,decoder,0,1.0,-0.6362502227766886,-0.20458553791887124,0.3818370344767995,-4766.0
cs_dialogue,Raw,decoder,1,0.5,0.007782332323412355,-0.0044091710758377145,0.010973818370344723,-131.0
cs_dialogue,Raw,decoder,2,0.25,0.013128972850947523,0.002645502645502673,0.0038019528212217546,-46.0
cs_dialogue,Raw,decoder,2,0.5,0.020198419770688508,-0.0026455026455026176,0.011924306575650245,-144.0
cs_dialogue,Raw,decoder,2,1.0,-0.6297154399097011,-0.21472663139329806,0.4315216452086753,-5371.0
cs_dialogue,Raw,decoder,3,0.5,0.006713004217905327,-0.008818342151675485,0.012874794780955656,-162.0
cs_dialogue,Raw,decoder,4,0.5,0.015445850412879464,-0.008818342151675485,0.004493216970534952,-71.0
cs_dialogue,Raw,decoder,5,0.5,0.016277550050496026,-0.005291005291005291,0.004925257063855493,-80.0
cs_dialogue,Raw,decoder,6,0.5,-0.0055248618784530246,-0.019841269841269882,0.019528212218093755,-258.0
cs_dialogue,Raw,decoder,7,0.5,0.013604229786728428,-0.007936507936507964,0.00915924997839801,-129.0
cs_dialogue,Raw,decoder,8,0.5,0.02518861759638802,0.0044091710758377145,0.003974768858550082,-53.0
cs_dialogue,Raw,decoder,9,0.5,0.0240004752569358,0.011904761904761918,-0.0023330165039315842,16.0
cs_dialogue,Raw,decoder,10,0.5,0.010218024119289487,0.006613756613756572,0.003283504709236995,-57.0
cs_dialogue,Raw,decoder,11,0.5,0.007128854036713594,0.003527336860670194,0.005616521213168579,-86.0
cs_dialogue,Raw,decoder,12,0.5,0.019129091665181508,0.01807760141093473,0.0,-14.0
cs_dialogue,Raw,decoder,13,0.5,0.009208103130755069,0.0013227513227513366,0.005184481119847928,-82.0
cs_dialogue,Raw,decoder,14,0.5,0.014614150775262874,0.026455026455026454,0.00509807310118382,-60.0
cs_dialogue,Raw,decoder,15,0.5,0.015327036178934217,0.025573192239858933,0.0017281603732826056,-32.0
cs_dialogue,Raw,decoder,16,0.5,0.02245589021564784,0.03483245149911812,-0.0016417523546184976,15.0
cs_dialogue,Raw,decoder,17,0.5,0.008435810610111089,0.01675485008818345,0.013479650911604524,-172.0
cs_dialogue,Raw,decoder,18,0.5,0.009445731598645535,0.01807760141093473,0.010282554221031748,-140.0
cs_dialogue,Raw,decoder,19,0.5,-0.000653478286698761,0.007495590828924148,0.019009764106109106,-249.0
cs_dialogue,Raw,decoder,20,0.5,-0.006950632685795766,0.010141093474426821,0.02583599758057553,-314.0
cs_dialogue,Raw,decoder,21,0.5,0.0,0.014109347442680775,0.04363604942538668,-529.0
cs_dialogue,Raw,decoder,22,0.5,-0.06130814471573698,0.03218694885361556,0.07966819320832974,-946.0
cs_dialogue,Raw,decoder,23,0.5,-0.03493138477989666,0.04056437389770723,0.05901667674760214,-700.0
cs_dialogue,Raw,decoder,24,0.25,0.0018416206261510082,0.014991181657848296,0.030674846625766916,-373.0
cs_dialogue,Raw,decoder,24,0.5,-0.04978316402304994,0.023368606701940076,0.09020997148535381,-1068.0
cs_dialogue,Raw,decoder,24,1.0,-0.7862531931325372,-0.20194003527336868,0.7911518188887929,-9502.0
cs_dialogue,Raw,decoder,25,0.5,-0.06938751262401233,0.014109347442680775,0.13375961289207638,-1577.0
cs_dialogue,Raw,decoder,26,0.5,-0.10853680270896454,0.030864197530864168,0.16624902790979001,-1955.0
cs_dialogue,Raw,decoder,27,0.25,-0.01407948672250936,0.03350970017636684,0.04156225697744742,-492.0
cs_dialogue,Raw,decoder,27,0.5,-0.14715142874116316,0.02204585537918874,0.21178605374578763,-2495.0
cs_dialogue,Raw,decoder,27,1.0,-0.7547080140200796,-0.21825396825396826,0.750021602004666,-9017.0
cs_dialogue,Raw,decoder,28,0.5,-0.10580407532822428,0.03835978835978837,0.1512140326622311,-1779.0
cs_dialogue,Raw,decoder,29,0.5,-0.12119051862413116,0.03835978835978837,0.17160632506696616,-2041.0
cs_dialogue,Raw,decoder,30,0.5,-0.06819937028456013,0.044973544973545,0.13367320487341228,-1573.0
cs_dialogue,Raw,decoder,31,0.5,-0.05679320382581832,0.030864197530864168,0.09893718137043117,-1170.0
cs_dialogue,Raw,encoder,0,0.5,0.17424107408067485,0.095679012345679,-0.09945562948241604,1261.0
cs_dialogue,Raw,encoder,1,0.5,0.2539060179409493,0.12345679012345678,-0.1048993346582563,1332.0
cs_dialogue,Raw,encoder,2,0.25,0.050258420958830846,0.059523809523809534,-0.04579624989199005,629.0
cs_dialogue,Raw,encoder,2,0.5,0.24754945642487963,0.146384479717813,-0.09401192430657568,1252.0
cs_dialogue,Raw,encoder,2,1.0,-0.21992514703261457,0.04673721340388015,-0.023675797113972163,306.0
cs_dialogue,Raw,encoder,3,0.5,0.2404800095051387,0.12301587301587302,-0.09677698090382791,1244.0
cs_dialogue,Raw,encoder,4,0.5,0.26275767836986874,0.13271604938271597,-0.09539445260520185,1222.0
cs_dialogue,Raw,encoder,5,0.5,0.2891938454226816,0.12874779541446202,-0.09617212477317894,1256.0
cs_dialogue,Raw,encoder,6,0.5,0.3236499732667974,0.14417989417989419,-0.09643134882917137,1275.0
cs_dialogue,Raw,encoder,7,0.5,0.33903641656270417,0.140652557319224,-0.0883954030934071,1180.0
cs_dialogue,Raw,encoder,8,0.5,0.3291748351452504,0.1463844797178131,-0.0793225611336732,1085.0
cs_dialogue,Raw,encoder,9,0.5,0.32370938038377,0.14417989417989419,-0.08156916961894067,1090.0
cs_dialogue,Raw,encoder,10,0.5,0.2155884274936138,0.10229276895943562,-0.08269247386157441,1072.0
cs_dialogue,Raw,encoder,11,0.5,0.21713301253490164,0.11552028218694887,-0.07724876868573405,1030.0
cs_dialogue,Raw,encoder,12,0.5,0.28551060417037954,0.1393298059964726,-0.08865462714939942,1175.0
cs_dialogue,Raw,encoder,13,0.5,0.341828551060417,0.12477954144620818,-0.08424781819752869,1084.0
cs_dialogue,Raw,encoder,14,0.5,0.35495752391136465,0.11155202821869492,-0.07577983236844388,982.0
cs_dialogue,Raw,encoder,15,0.5,0.44501871324184644,0.1106701940035274,-0.08295169791756674,1056.0
cs_dialogue,Raw,encoder,16,0.25,0.0365353769381572,0.019841269841269826,-0.03750108010023323,474.0
cs_dialogue,Raw,encoder,16,0.5,0.3058278381750134,0.11992945326278659,-0.06739825455802295,894.0
cs_dialogue,Raw,encoder,16,1.0,-0.26994593952355483,-0.17107583774250446,0.548431694461246,-6719.0
cs_dialogue,Raw,encoder,17,0.5,0.21855878334224443,0.11596119929453252,-0.027045709841873378,393.0
cs_dialogue,Raw,encoder,18,0.5,0.05922889562169542,0.04938271604938271,0.03750108010023323,-438.0
cs_dialogue,Raw,encoder,19,0.5,0.1265965662686389,0.003527336860670194,0.012788386762291548,-230.0
cs_dialogue,Raw,encoder,20,0.5,-0.2088754232757084,0.007495590828924259,0.26138425645899943,-3127.0
cs_dialogue,Raw,encoder,21,0.25,-0.027743123626210398,-0.04894179894179895,0.05184481119847917,-768.0
cs_dialogue,Raw,encoder,21,0.5,-0.9626923305411988,-0.20546737213403876,0.5842910222068608,-7213.0
cs_dialogue,Raw,encoder,21,1.0,-0.03160458622943019,-0.17107583774250446,0.5727123477058671,-7011.0
cs_dialogue,Raw,encoder,22,0.5,-1.0295253371353887,-0.23192239858906527,0.5874017108787696,-7285.0
cs_dialogue,Raw,encoder,23,0.5,-1.1687162122022219,-0.24691358024691368,0.5963881448198393,-7405.0
cs_dialogue,Raw,encoder,24,0.5,-1.0427731242202816,-0.25396825396825395,0.6012269938650308,-7470.0
cs_dialogue,Raw,encoder,25,0.5,-0.8533238281946177,-0.25617283950617276,0.6325066966214465,-7839.0
cs_dialogue,Raw,encoder,26,0.5,-0.7543515713182438,-0.22883597883597884,0.5893890953080446,-7291.0
cs_dialogue,Raw,encoder,27,0.5,-0.7800154458504128,-0.23809523809523803,0.5257063855525792,-6553.0
cs_dialogue,Raw,encoder,28,0.5,-0.3483633339274045,-0.0978835978835979,0.365160286874622,-4549.0
cs_dialogue,Raw,encoder,29,0.5,-0.4977128259965544,-0.25044091710758376,0.5238918171606325,-6553.0
cs_dialogue,Raw,encoder,30,0.5,-0.3870967741935484,-0.2751322751322751,0.5073014775771191,-6408.0
cs_dialogue,Raw,encoder,31,0.5,-0.3957108061545773,-0.18121693121693117,0.5918949278493044,-7280.0
seame_dev_man,Raw,decoder,0,0.25,0.0020942408376963817,0.0,0.0,
seame_dev_man,Raw,decoder,0,0.5,0.0010471204188481908,0.0,0.003072196620583667,
seame_dev_man,Raw,decoder,0,1.0,-0.4324607329842932,-0.1717171717171717,0.1751152073732719,
seame_dev_man,Raw,decoder,1,0.5,-0.002094240837696326,0.010101010101010055,0.010752688172043112,
seame_dev_man,Raw,decoder,2,0.25,0.003141361256544517,0.0,0.001536098310291889,
seame_dev_man,Raw,decoder,2,0.5,0.0,0.010101010101010055,0.019969278033794224,
seame_dev_man,Raw,decoder,2,1.0,-0.3172774869109948,-0.2222222222222222,0.22734254992319514,
seame_dev_man,Raw,decoder,3,0.5,-0.007329842931937169,0.0,0.02304147465437789,
seame_dev_man,Raw,decoder,4,0.5,-0.002094240837696326,-0.010101010101010055,0.01228878648233489,
seame_dev_man,Raw,decoder,5,0.5,-0.002094240837696326,-0.010101010101010055,0.015360983102918557,
seame_dev_man,Raw,decoder,6,0.5,0.003141361256544517,0.010101010101010055,0.01228878648233489,
seame_dev_man,Raw,decoder,7,0.5,0.0031413612565444615,0.010101010101010055,0.007680491551459334,
seame_dev_man,Raw,decoder,8,0.5,0.002094240837696326,-0.010101010101010166,0.006144393241167445,
seame_dev_man,Raw,decoder,9,0.5,0.0,-0.010101010101010166,0.006144393241167445,
seame_dev_man,Raw,decoder,10,0.5,0.0010471204188481908,0.0,0.018433179723502335,
seame_dev_man,Raw,decoder,11,0.5,0.002094240837696326,0.02020202020202022,0.021505376344086002,
seame_dev_man,Raw,decoder,12,0.5,0.0,0.0,0.018433179723502335,
seame_dev_man,Raw,decoder,13,0.5,0.012565445026178013,0.02020202020202022,0.021505376344086002,
seame_dev_man,Raw,decoder,14,0.5,0.011518324607329822,0.030303030303030276,0.02457757296466967,
seame_dev_man,Raw,decoder,15,0.5,0.007329842931937225,0.04040404040404033,0.027649769585253448,
seame_dev_man,Raw,decoder,16,0.5,0.011518324607329822,0.0,0.010752688172043001,
seame_dev_man,Raw,decoder,17,0.5,-0.003141361256544517,0.04040404040404044,0.029185867895545337,
seame_dev_man,Raw,decoder,18,0.5,0.010471204188481686,0.02020202020202022,0.009216589861751112,
seame_dev_man,Raw,decoder,19,0.5,-0.011518324607329822,0.0505050505050505,0.044546850998463894,
seame_dev_man,Raw,decoder,20,0.5,0.006282722513089034,0.07070707070707072,0.03533026113671278,
seame_dev_man,Raw,decoder,21,0.5,0.005235602094240843,0.030303030303030276,0.03686635944700467,
seame_dev_man,Raw,decoder,22,0.5,-0.19057591623036646,0.101010101010101,0.06451612903225801,
seame_dev_man,Raw,decoder,23,0.5,-0.004188481675392652,0.11111111111111105,0.06451612903225801,
seame_dev_man,Raw,decoder,24,0.25,0.011518324607329822,0.030303030303030276,0.02457757296466978,
seame_dev_man,Raw,decoder,24,0.5,-0.00837696335078536,0.13131313131313138,0.08294930875576034,
seame_dev_man,Raw,decoder,24,1.0,-1.0157068062827226,-0.16161616161616155,0.7204301075268817,
seame_dev_man,Raw,decoder,25,0.5,-0.041884816753926746,0.06060606060606055,0.12442396313364057,
seame_dev_man,Raw,decoder,26,0.5,-0.04188481675392669,0.09090909090909094,0.13056835637480801,
seame_dev_man,Raw,decoder,27,0.25,0.0,0.08080808080808088,0.03686635944700456,
seame_dev_man,Raw,decoder,27,0.5,-0.11727748691099477,0.02020202020202022,0.21658986175115202,
seame_dev_man,Raw,decoder,27,1.0,-0.9099476439790575,-0.12121212121212122,0.6267281105990783,
seame_dev_man,Raw,decoder,28,0.5,-0.0732984293193717,0.08080808080808088,0.17357910906298013,
seame_dev_man,Raw,decoder,29,0.5,-0.048167539267015724,0.11111111111111116,0.1443932411674348,
seame_dev_man,Raw,decoder,30,0.5,-0.05235602094240838,0.12121212121212122,0.13978494623655924,
seame_dev_man,Raw,decoder,31,0.5,-0.028272251308900487,0.11111111111111105,0.10445468509984634,
seame_dev_man,Raw,encoder,0,0.5,0.040837696335078555,0.030303030303030276,-0.06451612903225812,
seame_dev_man,Raw,encoder,1,0.5,-1.7895287958115182,0.04040404040404033,-0.06912442396313367,
seame_dev_man,Raw,encoder,2,0.25,-0.021989528795811508,0.02020202020202022,-0.053763440860215006,
seame_dev_man,Raw,encoder,2,0.5,-1.5696335078534034,0.07070707070707072,-0.07219662058371734,
seame_dev_man,Raw,encoder,2,1.0,-3.182198952879581,-0.06060606060606066,0.11981566820276501,
seame_dev_man,Raw,encoder,3,0.5,-1.582198952879581,0.07070707070707072,-0.05222734254992323,
seame_dev_man,Raw,encoder,4,0.5,-1.7801047120418847,0.030303030303030276,-0.11059907834101379,
seame_dev_man,Raw,encoder,5,0.5,-1.442931937172775,0.010101010101010166,-0.11213517665130568,
seame_dev_man,Raw,encoder,6,0.5,-1.8806282722513088,0.010101010101010166,-0.10906298003072201,
seame_dev_man,Raw,encoder,7,0.5,-1.9518324607329844,0.02020202020202022,-0.09216589861751157,
seame_dev_man,Raw,encoder,8,0.5,-1.5308900523560207,0.010101010101010166,-0.10291858678955457,
seame_dev_man,Raw,encoder,9,0.5,-1.7350785340314134,-0.02020202020202022,-0.07373271889400923,
seame_dev_man,Raw,encoder,10,0.5,-0.6534031413612567,-0.02020202020202022,-0.07219662058371734,
seame_dev_man,Raw,encoder,11,0.5,-0.757068062827225,0.07070707070707072,-0.04761904761904767,
seame_dev_man,Raw,encoder,12,0.5,-1.1424083769633508,-0.02020202020202022,-0.032258064516129115,
seame_dev_man,Raw,encoder,13,0.5,-1.0219895287958114,-0.14141414141414144,0.09984639016897079,
seame_dev_man,Raw,encoder,14,0.5,-1.5507853403141363,-0.19191919191919193,0.23655913978494625,
seame_dev_man,Raw,encoder,15,0.5,-1.3727748691099477,-0.18181818181818177,0.1981566820276498,
seame_dev_man,Raw,encoder,16,0.25,-0.2701570680628272,-0.010101010101010166,-0.02611367127496156,
seame_dev_man,Raw,encoder,16,0.5,-1.2450261780104712,-0.18181818181818188,0.25806451612903225,
seame_dev_man,Raw,encoder,16,1.0,-1.050261780104712,-0.19191919191919193,0.6866359447004609,
seame_dev_man,Raw,encoder,17,0.5,-1.3706806282722512,-0.2222222222222222,0.30261136712749614,
seame_dev_man,Raw,encoder,18,0.5,-1.2083769633507853,-0.2222222222222222,0.29646697388632876,
seame_dev_man,Raw,encoder,19,0.5,-0.9905759162303664,-0.23232323232323226,0.47619047619047616,
seame_dev_man,Raw,encoder,20,0.5,-0.3151832460732984,-0.2525252525252526,0.45007680491551455,
seame_dev_man,Raw,encoder,21,0.25,-0.3015706806282723,-0.1515151515151515,0.23502304147465436,
seame_dev_man,Raw,encoder,21,0.5,-0.3790575916230366,-0.2727272727272727,0.5683563748079876,
seame_dev_man,Raw,encoder,21,1.0,-0.3078534031413612,-0.18181818181818177,0.6436251920122887,
seame_dev_man,Raw,encoder,22,0.5,-0.17068062827225128,-0.24242424242424243,0.43778801843317966,
seame_dev_man,Raw,encoder,23,0.5,-1.7947643979057593,-0.2828282828282829,0.565284178187404,
seame_dev_man,Raw,encoder,24,0.5,-0.6397905759162303,-0.2828282828282829,0.717357910906298,
seame_dev_man,Raw,encoder,25,0.5,-0.631413612565445,-0.29292929292929293,0.642089093701997,
seame_dev_man,Raw,encoder,26,0.5,-0.8502617801047121,-0.2727272727272728,0.6559139784946237,
seame_dev_man,Raw,encoder,27,0.5,-0.593717277486911,-0.3535353535353535,0.5852534562211982,
seame_dev_man,Raw,encoder,28,0.5,-0.5790575916230367,-0.2727272727272727,0.45775729646697394,
seame_dev_man,Raw,encoder,29,0.5,-0.5308900523560209,-0.29292929292929293,0.6251920122887864,
seame_dev_man,Raw,encoder,30,0.5,0.056544502617801085,-0.31313131313131315,0.5837173579109063,
seame_dev_man,Raw,encoder,31,0.5,0.13193717277486916,-0.29292929292929293,0.6973886328725039,
seame_dev_sge,Raw,decoder,0,0.25,-0.004602991944764101,0.0,0.008333333333333304,
seame_dev_sge,Raw,decoder,0,0.5,-0.010356731875719227,-0.03409090909090906,0.011666666666666603,
seame_dev_sge,Raw,decoder,0,1.0,-0.3164556962025316,-0.06818181818181812,0.18833333333333335,
seame_dev_sge,Raw,decoder,1,0.5,-0.0034522439585730758,-0.045454545454545414,0.008333333333333415,
seame_dev_sge,Raw,decoder,2,0.25,-0.010356731875719227,-0.011363636363636354,0.013333333333333308,
seame_dev_sge,Raw,decoder,2,0.5,-0.0069044879171461515,-0.045454545454545414,0.010000000000000009,
seame_dev_sge,Raw,decoder,2,1.0,-0.21403912543153047,-0.06818181818181812,0.15166666666666662,
seame_dev_sge,Raw,decoder,3,0.5,-0.011507479861910253,-0.03409090909090906,0.013333333333333308,
seame_dev_sge,Raw,decoder,4,0.5,-0.010356731875719227,-0.045454545454545414,0.01666666666666672,
seame_dev_sge,Raw,decoder,5,0.5,-0.0069044879171461515,-0.03409090909090906,0.00666666666666671,
seame_dev_sge,Raw,decoder,6,0.5,-0.016110471806674354,-0.045454545454545414,0.02499999999999991,
seame_dev_sge,Raw,decoder,7,0.5,-0.02186421173762948,-0.045454545454545414,0.030000000000000027,
seame_dev_sge,Raw,decoder,8,0.5,-0.01956271576524743,-0.022727272727272707,0.029999999999999916,
seame_dev_sge,Raw,decoder,9,0.5,-0.016110471806674354,-0.022727272727272707,0.02499999999999991,
seame_dev_sge,Raw,decoder,10,0.5,-0.0069044879171461515,-0.022727272727272707,0.014999999999999902,
seame_dev_sge,Raw,decoder,11,0.5,-0.012658227848101278,-0.022727272727272707,0.025000000000000022,
seame_dev_sge,Raw,decoder,12,0.5,-0.0023014959723820505,-0.022727272727272707,0.016666666666666607,
seame_dev_sge,Raw,decoder,13,0.5,0.010356731875719227,0.0,0.01666666666666672,
seame_dev_sge,Raw,decoder,14,0.5,0.008055235903337177,0.011363636363636354,0.019999999999999907,
seame_dev_sge,Raw,decoder,15,0.5,0.008055235903337177,0.022727272727272818,0.015000000000000013,
seame_dev_sge,Raw,decoder,16,0.5,0.012658227848101278,0.03409090909090917,0.010000000000000009,
seame_dev_sge,Raw,decoder,17,0.5,0.020713463751438455,0.05681818181818188,0.011666666666666603,
seame_dev_sge,Raw,decoder,18,0.5,-0.0069044879171461515,0.022727272727272818,0.019999999999999907,
seame_dev_sge,Raw,decoder,19,0.5,0.005753739930955126,0.011363636363636354,0.0033333333333334103,
seame_dev_sge,Raw,decoder,20,0.5,0.008055235903337177,0.03409090909090917,0.011666666666666603,
seame_dev_sge,Raw,decoder,21,0.5,0.010356731875719227,0.022727272727272818,0.03499999999999992,
seame_dev_sge,Raw,decoder,22,0.5,-0.011507479861910253,0.05681818181818188,0.05500000000000005,
seame_dev_sge,Raw,decoder,23,0.5,0.004602991944764101,0.05681818181818188,0.04500000000000004,
seame_dev_sge,Raw,decoder,24,0.25,0.011507479861910253,0.05681818181818188,0.018333333333333313,
seame_dev_sge,Raw,decoder,24,0.5,-0.02301495972382045,0.09090909090909094,0.07333333333333336,
seame_dev_sge,Raw,decoder,24,1.0,-0.9585730724971231,0.011363636363636354,0.5483333333333333,
seame_dev_sge,Raw,decoder,25,0.5,-0.02761795166858455,0.06818181818181823,0.07833333333333325,
seame_dev_sge,Raw,decoder,26,0.5,-0.052934407364787106,0.07954545454545459,0.10999999999999999,
seame_dev_sge,Raw,decoder,27,0.25,-0.005753739930955126,0.05681818181818188,0.04166666666666663,
seame_dev_sge,Raw,decoder,27,0.5,-0.07019562715765248,0.06818181818181823,0.1233333333333333,
seame_dev_sge,Raw,decoder,27,1.0,-1.4913693901035674,0.045454545454545525,0.5466666666666666,
seame_dev_sge,Raw,decoder,28,0.5,-0.23705408515535092,0.06818181818181823,0.15666666666666662,
seame_dev_sge,Raw,decoder,29,0.5,-0.07249712313003454,0.03409090909090917,0.1383333333333333,
seame_dev_sge,Raw,decoder,30,0.5,-0.07594936708860761,0.03409090909090917,0.125,
seame_dev_sge,Raw,decoder,31,0.5,-0.046029919447640955,0.045454545454545525,0.09499999999999997,
seame_dev_sge,Raw,encoder,0,0.5,-0.17951668584579983,0.05681818181818177,0.015000000000000013,
seame_dev_sge,Raw,encoder,1,0.5,-0.19562715765247407,0.045454545454545414,0.03166666666666673,
seame_dev_sge,Raw,encoder,2,0.25,0.052934407364787106,0.06818181818181823,-0.05166666666666664,
seame_dev_sge,Raw,encoder,2,0.5,-0.22784810126582278,0.06818181818181812,0.011666666666666714,
seame_dev_sge,Raw,encoder,2,1.0,-2.758342922899885,0.0,0.20333333333333337,
seame_dev_sge,Raw,encoder,3,0.5,-0.7767548906789413,0.05681818181818177,0.030000000000000027,
seame_dev_sge,Raw,encoder,4,0.5,-0.7848101265822784,0.05681818181818177,0.033333333333333326,
seame_dev_sge,Raw,encoder,5,0.5,-0.5420023014959724,0.05681818181818177,0.0033333333333332993,
seame_dev_sge,Raw,encoder,6,0.5,-0.5086306098964327,0.045454545454545414,0.0016666666666665941,
seame_dev_sge,Raw,encoder,7,0.5,-0.9620253164556961,0.022727272727272707,0.023333333333333317,
seame_dev_sge,Raw,encoder,8,0.5,-0.48446490218642113,0.03409090909090906,0.015000000000000013,
seame_dev_sge,Raw,encoder,9,0.5,-0.9723820483314154,0.03409090909090906,0.009999999999999898,
seame_dev_sge,Raw,encoder,10,0.5,-0.6340621403912544,0.022727272727272707,-0.0016666666666667052,
seame_dev_sge,Raw,encoder,11,0.5,-0.016110471806674354,0.022727272727272707,0.010000000000000009,
seame_dev_sge,Raw,encoder,12,0.5,-0.8918296892980436,0.03409090909090906,0.020000000000000018,
seame_dev_sge,Raw,encoder,13,0.5,-0.2715765247410816,-0.011363636363636354,0.08333333333333326,
seame_dev_sge,Raw,encoder,14,0.5,-0.811277330264672,-0.045454545454545525,0.2816666666666667,
seame_dev_sge,Raw,encoder,15,0.5,-1.6041426927502878,-0.011363636363636354,0.22833333333333328,
seame_dev_sge,Raw,encoder,16,0.25,0.04833141542002306,0.06818181818181823,-0.036666666666666736,
seame_dev_sge,Raw,encoder,16,0.5,-0.7318757192174913,-0.03409090909090917,0.2649999999999999,
seame_dev_sge,Raw,encoder,16,1.0,-0.7019562715765247,-0.06818181818181823,0.72,
seame_dev_sge,Raw,encoder,17,0.5,-0.5650172612197929,0.0,0.34166666666666673,
seame_dev_sge,Raw,encoder,18,0.5,-0.39585730724971224,-0.03409090909090917,0.41666666666666663,
seame_dev_sge,Raw,encoder,19,0.5,-1.293440736478711,-0.09090909090909094,0.545,
seame_dev_sge,Raw,encoder,20,0.5,-0.6708860759493671,-0.07954545454545459,0.6433333333333333,
seame_dev_sge,Raw,encoder,21,0.25,-0.14384349827387805,-0.045454545454545414,0.21166666666666667,
seame_dev_sge,Raw,encoder,21,0.5,-0.8066743383199079,-0.07954545454545459,0.5816666666666666,
seame_dev_sge,Raw,encoder,21,1.0,0.035673187571921616,-0.06818181818181823,0.6950000000000001,
seame_dev_sge,Raw,encoder,22,0.5,-1.0080552359033372,-0.07954545454545459,0.5349999999999999,
seame_dev_sge,Raw,encoder,23,0.5,-1.142692750287687,-0.11363636363636365,0.6666666666666667,
seame_dev_sge,Raw,encoder,24,0.5,-1.142692750287687,-0.07954545454545459,0.7416666666666666,
seame_dev_sge,Raw,encoder,25,0.5,-1.0322209436133485,-0.05681818181818188,0.6933333333333334,
seame_dev_sge,Raw,encoder,26,0.5,-0.23475258918296893,-0.05681818181818188,0.74,
seame_dev_sge,Raw,encoder,27,0.5,-0.4683544303797468,-0.07954545454545459,0.6933333333333334,
seame_dev_sge,Raw,encoder,28,0.5,-0.8216340621403914,-0.022727272727272707,0.54,
seame_dev_sge,Raw,encoder,29,0.5,-0.3901035673187573,-0.05681818181818188,0.6466666666666666,
seame_dev_sge,Raw,encoder,30,0.5,-0.08285385500575371,-0.06818181818181823,0.5866666666666667,
seame_dev_sge,Raw,encoder,31,0.5,-0.20253164556962022,-0.05681818181818188,0.6466666666666666,
cs_dialogue,Conditioning,decoder,24,0.25,-0.021327154993168174,-0.028659611992945366,0.019614620236757974,-274.0
cs_dialogue,Conditioning,decoder,24,0.5,-0.029644151369334015,-0.049823633156966474,0.037328264062905014,-514.0
cs_dialogue,Conditioning,decoder,24,1.0,-0.1270124160874473,-0.13095238095238093,0.14499265531841354,-1910.0
cs_dialogue,Conditioning,decoder,26,0.25,-0.006772411334877937,-0.001763668430335097,0.02886027823382009,-353.0
cs_dialogue,Conditioning,decoder,26,0.5,-0.03130755064456725,-0.029541446208112887,0.06515164607275559,-828.0
cs_dialogue,Conditioning,decoder,26,1.0,-0.31325372779659005,-0.050705467372134105,0.3520262680376739,-4209.0
cs_dialogue,Conditioning,decoder,27,0.25,-0.024594546426661923,-0.011463844797178102,0.027650565972522245,-344.0
cs_dialogue,Conditioning,decoder,27,0.5,-0.02138656211014084,-0.011463844797178102,0.042944785276073594,-548.0
cs_dialogue,Conditioning,decoder,27,1.0,-0.5915760708132833,-0.21296296296296297,0.573317203836516,-7054.0
cs_dialogue,Conditioning,decoder,31,0.25,-0.027683716509237816,0.05379188712522048,0.03853797632420297,-455.0
cs_dialogue,Conditioning,decoder,31,0.5,-0.8345511792312719,-0.1036155202821869,0.6565281258100751,-7831.0
cs_dialogue,Conditioning,decoder,31,1.0,-1.9607318956811026,-0.2940917107583775,0.6935971658169878,-8464.0
seame_dev_man,Conditioning,decoder,24,0.25,-0.004188481675392708,-0.030303030303030276,0.010752688172043001,
seame_dev_man,Conditioning,decoder,24,0.5,-0.09738219895287958,-0.101010101010101,0.056835637480798784,
seame_dev_man,Conditioning,decoder,24,1.0,-0.06701570680628277,-0.13131313131313127,0.09216589861751145,
seame_dev_man,Conditioning,decoder,26,0.25,0.002094240837696326,0.0,0.019969278033794113,
seame_dev_man,Conditioning,decoder,26,0.5,-0.032460732984293195,0.0,0.07066052227342545,
seame_dev_man,Conditioning,decoder,26,1.0,-0.4607329842931937,-0.08080808080808077,0.2519201228878648,
seame_dev_man,Conditioning,decoder,27,0.25,-0.0062827225130889786,0.010101010101010166,0.030721966205837226,
seame_dev_man,Conditioning,decoder,27,0.5,-0.007329842931937169,0.02020202020202011,0.043010752688172005,
seame_dev_man,Conditioning,decoder,27,1.0,-0.625130890052356,-0.02020202020202022,0.38863287250384027,
seame_dev_man,Conditioning,decoder,31,0.25,-0.005235602094240843,0.12121212121212122,0.06605222734255001,
seame_dev_man,Conditioning,decoder,31,0.5,-2.037696335078534,-0.04040404040404044,0.4869431643625192,
seame_dev_man,Conditioning,decoder,31,1.0,-7.451308900523561,-0.3535353535353536,0.7895545314900153,
seame_dev_sge,Conditioning,decoder,24,0.25,-0.01726121979286538,-0.022727272727272707,0.01666666666666672,
seame_dev_sge,Conditioning,decoder,24,0.5,-0.0299194476409666,-0.03409090909090906,0.033333333333333326,
seame_dev_sge,Conditioning,decoder,24,1.0,-0.08400460299194473,-0.07954545454545447,0.135,
seame_dev_sge,Conditioning,decoder,26,0.25,-0.012658227848101278,0.011363636363636354,0.026666666666666616,
seame_dev_sge,Conditioning,decoder,26,0.5,-0.05178365937859608,0.022727272727272818,0.07833333333333325,
seame_dev_sge,Conditioning,decoder,26,1.0,-0.33256616800920596,0.022727272727272818,0.255,
seame_dev_sge,Conditioning,decoder,27,0.25,-0.024165707710011475,0.0,0.030000000000000027,
seame_dev_sge,Conditioning,decoder,27,0.5,-0.021864211737629424,0.022727272727272818,0.03499999999999992,
seame_dev_sge,Conditioning,decoder,27,1.0,-0.41426927502876865,-0.07954545454545447,0.3733333333333333,
seame_dev_sge,Conditioning,decoder,31,0.25,-0.02186421173762948,0.06818181818181823,0.040000000000000036,
seame_dev_sge,Conditioning,decoder,31,0.5,-2.037974683544304,0.011363636363636354,0.4766666666666666,
seame_dev_sge,Conditioning,decoder,31,1.0,-9.399309551208285,-0.14772727272727282,0.8216666666666667,
