Dataset,Side,Layer,Scope,rho,MER,PIER,EN-WER,Matrix-CER,Corr,Corrupt,Outside,Matrix-Ret,Edited,Energy,FractionEdited,PIER-gain,MER-gain,Matrix-CER-gain
cs_dialogue,decoder,0,global,0.5,0.24303451553496108,0.49382716049382713,0.49779541446208114,0.1998206649192992,30,84,211,0.986261125032403,13482,13773.429879665375,,-0.02380952380952378,0.019426127250044556,0.026279486825769083
cs_dialogue,decoder,0,oracle_local,0.5,0.2512326976771817,0.48721340388007056,0.49074074074074076,0.21044281969926887,19,58,110,0.9940378467121749,1820,1879.2753353714943,,-0.01719576719576721,0.011227945107823933,0.015657332045799416
cs_dialogue,encoder,0,global,0.5,0.2894314738905721,0.5268959435626103,0.5414462081128748,0.24699958614981377,70,199,680,0.9546357902013307,245535,2948677.816772461,,-0.05687830687830692,-0.026970831105566473,-0.02089943440474548
cs_dialogue,encoder,0,oracle_local,0.5,0.46367254797124696,0.6225749559082893,0.6794532627865961,0.4276451924403366,45,391,1941,0.8551801607189147,79516,951747.8973236084,,-0.1525573192239859,-0.20121190518624132,-0.20154504069526832
cs_dialogue,decoder,1,global,0.5,0.25188617596388047,0.49206349206349204,0.49559082892416223,0.21051179473030762,26,76,227,0.9843601486217921,13343,21530.85658276081,,-0.022045855379188684,0.010574466821125172,0.015588357014760662
cs_dialogue,decoder,1,oracle_local,0.5,0.2596685082872928,0.4876543209876543,0.4911816578483245,0.22023727410677335,12,52,96,0.9953339669921368,1821,2953.953526377678,,-0.01763668430335097,0.002792134497712817,0.005862877638294933
cs_dialogue,encoder,1,global,0.5,0.32394700885166045,0.5066137566137566,0.5701058201058201,0.2825217271347772,103,186,705,0.9523027736973991,245535,2612766.6087646484,,-0.036596119929453275,-0.06148636606665481,-0.056421575389708906
cs_dialogue,encoder,1,oracle_local,0.5,0.5778530267926097,0.6300705467372134,0.7491181657848325,0.5486273968823286,44,407,2037,0.8474034390391428,79516,849839.6896209717,,-0.16005291005291006,-0.3153923840076041,-0.3225272451372604
cs_dialogue,decoder,2,global,0.5,0.24600487138359176,0.49514991181657847,0.49867724867724866,0.20306249137812113,33,90,257,0.9828912123045018,13431,25222.936789631844,,-0.025132275132275117,0.016455771401413882,0.023037660366947155
cs_dialogue,decoder,2,oracle_local,0.5,0.26620329115428026,0.49250440917107585,0.49559082892416223,0.22706580217961098,12,63,113,0.9948155188801521,1823,3452.8708300590515,,-0.0224867724867725,-0.003742648369274626,-0.000965650434542692
cs_dialogue,encoder,2,global,0.5,0.3062436879938217,0.4783950617283951,0.5454144620811288,0.26555386949924126,117,136,694,0.9505746133241165,245535,2598116.487915039,,-0.008377425044091724,-0.04378304520881604,-0.03945371775417297
cs_dialogue,encoder,2,oracle_local,0.5,0.5537931444187013,0.6247795414462081,0.8174603174603174,0.5106911298110084,48,399,1946,0.8565626890175408,79516,845090.1723480225,,-0.1547619047619047,-0.2913325016336957,-0.28459097806594014
cs_dialogue,decoder,3,global,0.5,0.2547971246955385,0.49559082892416223,0.4991181657848324,0.2132707959718582,34,92,258,0.9831504363604943,13634,28377.59208714962,,-0.025573192239858877,0.007663518089467136,0.012829355773210094
cs_dialogue,decoder,3,oracle_local,0.5,0.26151012891344383,0.48677248677248675,0.4898589065255732,0.22251345013105256,17,55,96,0.9960252311414499,1814,3822.0910184383392,,-0.016754850088183393,0.0009505138715618089,0.003586701614015725
cs_dialogue,encoder,3,global,0.5,0.31949147507871445,0.5004409171075838,0.5789241622574955,0.2757621740929783,125,194,781,0.9471182925775512,245535,2562407.007446289,,-0.030423280423280408,-0.05703083229370881,-0.049662022347910034
cs_dialogue,encoder,3,oracle_local,0.5,0.5599714845838532,0.6234567901234568,0.7667548500881834,0.5257276865774589,64,412,2025,0.8503413116737233,79516,834627.1986083984,,-0.15343915343915343,-0.2975108417988475,-0.2996275348323907
cs_dialogue,decoder,4,global,0.5,0.24053941662211134,0.4916225749559083,0.4947089947089947,0.19740653883294249,32,81,174,0.9901494858722889,13524,29112.061584234238,,-0.021604938271604923,0.021921226162894297,0.0286936129121258
cs_dialogue,decoder,4,oracle_local,0.5,0.2559852670349908,0.4828042328042328,0.486331569664903,0.21671954752379638,17,46,103,0.9946427028428239,1819,3970.177817106247,,-0.012786596119929439,0.0064753757500148335,0.009380604221271904
cs_dialogue,encoder,4,global,0.5,0.31236262104200085,0.5026455026455027,0.5255731922398589,0.27596909918609464,148,222,824,0.944958092110948,245535,2540751.4927978516,,-0.03262786596119932,-0.049901978256995216,-0.04986894744102635
cs_dialogue,encoder,4,oracle_local,0.5,0.5751202994118696,0.6353615520282186,0.7962962962962963,0.538281142226514,58,433,2046,0.8495636395057461,79516,828343.7639160156,,-0.1653439153439153,-0.31265965662686396,-0.31218099048144576
cs_dialogue,decoder,5,global,0.5,0.24107408067486485,0.49074074074074076,0.49426807760141095,0.1981652641743689,38,85,192,0.9891989976669835,13538,30312.5648188591,,-0.020723104056437402,0.021386562110140783,0.027934887570699396
cs_dialogue,decoder,5,oracle_local,0.5,0.2573516307253609,0.48544973544973546,0.4894179894179894,0.2178231480204166,19,54,112,0.994124254730839,1814,4116.754262089729,,-0.015432098765432112,0.0051090120596447575,0.008277003724651677
cs_dialogue,encoder,5,global,0.5,0.3027386680924375,0.5030864197530864,0.5216049382716049,0.265346944406125,117,192,795,0.9460813963535816,245535,2538167.482055664,,-0.03306878306878308,-0.04027802530743185,-0.03924679266105671
cs_dialogue,encoder,5,oracle_local,0.5,0.5919325135151191,0.6318342151675485,0.763668430335097,0.5632501034625466,61,428,2051,0.8499092715804026,79516,828048.7041320801,,-0.1618165784832451,-0.32947187073011347,-0.3371499517174783
cs_dialogue,decoder,6,global,0.5,0.2873522247965306,0.49426807760141095,0.5432098765432098,0.24417160987722444,46,101,381,0.9733863302514474,14386,34158.73251223564,,-0.024250440917107596,-0.02489158201152497,-0.01807145813215616
cs_dialogue,decoder,6,oracle_local,0.5,0.2818273629180776,0.47442680776014107,0.5229276895943563,0.24092978341840254,35,45,123,0.9929145424695411,1825,4342.383135318756,,-0.0044091710758377145,-0.019366720133071946,-0.01482963167333426
cs_dialogue,encoder,6,global,0.5,0.28889680983781857,0.49250440917107585,0.5110229276895943,0.2509311629190233,139,190,790,0.9465998444655664,245535,2539545.3040771484,,-0.0224867724867725,-0.02643616705281293,-0.024831011173955003
cs_dialogue,encoder,6,oracle_local,0.5,0.612546783104616,0.63668430335097,0.7526455026455027,0.588839839977928,74,452,2065,0.8501684956363951,79516,828455.8692779541,,-0.16666666666666669,-0.35008614031961033,-0.36273968823285974
cs_dialogue,decoder,7,global,0.5,0.2569357809065526,0.4876543209876543,0.49250440917107585,0.21678852255483516,33,73,228,0.9853106368270975,13801,35266.493049263954,,-0.01763668430335097,0.0055248618784530246,0.009311629190233123
cs_dialogue,decoder,7,oracle_local,0.5,0.27054001069328104,0.47971781305114636,0.48412698412698413,0.23382535522140985,20,42,99,0.9944698868054955,1814,4680.4802569150925,,-0.009700176366843005,-0.008079367908275403,-0.007725203476341563
cs_dialogue,encoder,7,global,0.5,0.29234242262223015,0.5163139329805997,0.5233686067019401,0.2528624637881087,136,241,897,0.9387367147671304,245535,2513360.651489258,,-0.046296296296296335,-0.02988177983722451,-0.026762312043040443
cs_dialogue,encoder,7,oracle_local,0.5,0.6313788391849343,0.6569664902998237,0.7755731922398589,0.6071182232032004,71,495,2077,0.8503413116737233,79516,820767.9210510254,,-0.18694885361552033,-0.3689181963999287,-0.38101807145813216
cs_dialogue,decoder,8,global,0.5,0.24018297392027566,0.48368606701940037,0.4880952380952381,0.19802731411229135,42,73,240,0.9840145165471356,13492,37363.34467339516,,-0.013668430335097015,0.022277668864729983,0.02807283763277693
cs_dialogue,decoder,8,oracle_local,0.5,0.2653715915166637,0.4880952380952381,0.49206349206349204,0.22658297696233964,21,62,187,0.9879892854056856,1805,5031.206649780273,,-0.01807760141093473,-0.0029109487316580362,-0.00048282521727135985
cs_dialogue,encoder,8,global,0.5,0.31931325372779656,0.517636684303351,0.5374779541446209,0.28203890191750586,118,226,1023,0.9264667761168236,245535,2528559.2758789062,,-0.047619047619047616,-0.056852610942790927,-0.055938750172437574
cs_dialogue,encoder,8,oracle_local,0.5,0.648488088873047,0.6640211640211641,0.7658730158730159,0.6285694578562561,61,501,2108,0.8471442149831504,79516,825670.6522521973,,-0.19400352733686071,-0.38602744608804135,-0.4024693061111878
cs_dialogue,decoder,9,global,0.5,0.2373314323055902,0.47883597883597884,0.48368606701940037,0.19540626293281832,56,76,178,0.98954462974164,13500,37434.62262511253,,-0.008818342151675485,0.025129210479415437,0.030693888812249964
cs_dialogue,decoder,9,oracle_local,0.5,0.261331907562526,0.49074074074074076,0.49514991181657847,0.22140984963443233,15,62,194,0.9872116132377085,1805,5038.8562178611755,,-0.020723104056437402,0.0011287352224796376,0.004690302110635952
cs_dialogue,encoder,9,global,0.5,0.32947187073011347,0.5216049382716049,0.5418871252204586,0.2931438819147469,124,241,1128,0.9205046228289986,245535,2528532.604370117,,-0.05158730158730157,-0.06701122794510783,-0.0670437301696786
cs_dialogue,encoder,9,oracle_local,0.5,0.6531812511138835,0.6657848324514991,0.8015873015873016,0.6283625327631397,80,524,2218,0.8389354532100579,79516,825871.0935668945,,-0.19576719576719576,-0.39072060832887784,-0.40226238101807144
cs_dialogue,decoder,10,global,0.5,0.24594546426661915,0.4783950617283951,0.48236331569664903,0.20561456752655538,72,91,242,0.9847921887151128,13404,38769.07204246521,,-0.008377425044091724,0.016515178518386492,0.020485584218512903
cs_dialogue,decoder,10,oracle_local,0.5,0.25616348838590863,0.48500881834215165,0.48897707231040566,0.21637467236860256,25,59,185,0.9880756934243498,1817,5269.403928756714,,-0.014991181657848296,0.006297154399097005,0.009725479376465729
cs_dialogue,encoder,10,global,0.5,0.31919443949385135,0.5268959435626103,0.5321869488536155,0.2827286522278935,108,237,1102,0.9229240473515943,245535,2563204.419189453,,-0.05687830687830692,-0.05673379670884571,-0.05662850048282522
cs_dialogue,encoder,10,oracle_local,0.5,0.5347828669874651,0.6291887125220459,0.7081128747795414,0.5056559525451787,79,440,2174,0.8402315734900199,79516,835116.4823913574,,-0.15917107583774254,-0.2723222242024595,-0.27955580080011044
cs_dialogue,decoder,11,global,0.5,0.25277728271846966,0.49206349206349204,0.49603174603174605,0.21147744516485031,53,103,277,0.982286356173853,13342,39210.34666967392,,-0.022045855379188684,0.009683360066535973,0.01462270658021797
cs_dialogue,decoder,11,oracle_local,0.5,0.25990613675518326,0.49559082892416223,0.49955908289241624,0.21906469857911437,24,82,191,0.9879028773870215,1813,5336.354919910431,,-0.025573192239858877,0.0025545060298223787,0.007035453165953914
cs_dialogue,encoder,11,global,0.5,0.3243034515534961,0.5238095238095238,0.5370370370370371,0.287832804524762,104,226,1157,0.9160114058584636,245535,2561453.9709472656,,-0.05379188712522048,-0.061842808768490465,-0.061732652779693725
cs_dialogue,encoder,11,oracle_local,0.5,0.5414364640883977,0.6393298059964727,0.7292768959435626,0.5100013795006207,69,453,2187,0.8387626371727296,79516,834572.8045501709,,-0.16931216931216936,-0.2789758213033921,-0.2839012277555525
cs_dialogue,decoder,12,global,0.5,0.24570783579872868,0.45105820105820105,0.455026455026455,0.20968409435784247,93,50,168,0.9879028773870215,13718,41899.87122821808,,0.018959435626102306,0.016752806986276958,0.01641605738722582
cs_dialogue,decoder,12,oracle_local,0.5,0.2648369274639102,0.4691358024691358,0.47266313932980597,0.2291350531107739,32,30,154,0.9879028773870215,1820,5556.256487369537,,0.0008818342151675762,-0.00237628467890455,-0.003034901365705611
cs_dialogue,encoder,12,global,0.5,0.32127368858789285,0.531305114638448,0.5480599647266314,0.282590702165816,111,250,1233,0.9112589648319364,245535,2556861.2963867188,,-0.06128747795414463,-0.05881304580288721,-0.056490550420747715
cs_dialogue,encoder,12,oracle_local,0.5,0.6067842927582724,0.6706349206349206,0.7914462081128748,0.5760794592357567,63,518,2408,0.8226043376825369,79516,833818.8483276367,,-0.20061728395061723,-0.34432364997326675,-0.3499793074906884
cs_dialogue,decoder,13,global,0.5,0.24796530624368798,0.4497354497354497,0.4537037037037037,0.2125120706304318,89,43,236,0.9824591722111812,13598,43458.82171201706,,0.020282186948853642,0.014495336541317655,0.013588081114636497
cs_dialogue,decoder,13,oracle_local,0.5,0.25717340937444305,0.45105820105820105,0.455026455026455,0.22292730031728514,65,22,154,0.9876436533310291,1808,5702.054725408554,,0.018959435626102306,0.005287233410562586,0.0031728514277831465
cs_dialogue,encoder,13,global,0.5,0.3532347175191588,0.5462962962962963,0.5665784832451499,0.3168023175610429,145,318,1531,0.8914715285578502,245535,2551917.098876953,,-0.07627865961199293,-0.09077407473415317,-0.0907021658159746
cs_dialogue,encoder,13,oracle_local,0.5,0.6950632685795758,0.6710758377425045,0.7566137566137566,0.6836805076562285,87,543,2615,0.8072237103603215,79516,832756.3045806885,,-0.2010582010582011,-0.43260262579457015,-0.4575803559111602
cs_dialogue,decoder,14,global,0.5,0.23982653121843997,0.4281305114638448,0.4329805996472663,0.20630431783694303,116,21,153,0.9879892854056856,13693,44686.71101856232,,0.041887125220458565,0.022634111566565668,0.019795833908125254
cs_dialogue,decoder,14,oracle_local,0.5,0.25444068199370284,0.45458553791887124,0.458994708994709,0.21913367361015312,58,23,93,0.9930873585068695,1826,5884.716356277466,,0.015432098765432112,0.008019960791302794,0.0069664781349151605
cs_dialogue,encoder,14,global,0.5,0.45161290322580644,0.6071428571428571,0.6247795414462081,0.42198923989515796,100,411,2591,0.8060139980990236,245535,2541464.1416015625,,-0.13712522045855374,-0.1891522604408008,-0.19588908815008968
cs_dialogue,encoder,14,oracle_local,0.5,0.8065704271371711,0.718694885361552,0.8077601410934744,0.8055593875017244,67,631,3573,0.7302341657305798,79516,830340.1852416992,,-0.24867724867724866,-0.5441097843521654,-0.5794592357566561
cs_dialogue,decoder,15,global,0.5,0.23216301312897286,0.4351851851851852,0.43915343915343913,0.196371913367361,111,32,178,0.9870387972003802,13437,43493.05788683891,,0.03483245149911818,0.030297629656032776,0.029728238377707272
cs_dialogue,decoder,15,oracle_local,0.5,0.24749004930790708,0.4607583774250441,0.4651675485008818,0.21009794454407504,47,26,146,0.9887669575736628,1810,5796.110135316849,,0.009259259259259245,0.01497059347709856,0.01600220720099324
cs_dialogue,encoder,15,global,0.5,0.3952355492187964,0.5718694885361552,0.6265432098765432,0.3562560353152159,121,352,1778,0.8725481724704053,245535,2555832.321411133,,-0.1018518518518518,-0.13277490643379075,-0.1301558835701476
cs_dialogue,encoder,15,oracle_local,0.5,0.8402542624606428,0.6825396825396826,0.8465608465608465,0.8379776520899435,72,554,2834,0.7895964745528385,79516,833687.3614349365,,-0.2125220458553792,-0.5777936196756372,-0.6118775003448752
cs_dialogue,decoder,16,global,0.5,0.22847977187667082,0.43077601410934746,0.4365079365079365,0.19250931162919024,106,17,142,0.9887669575736628,13554,46276.753303050995,,0.03924162257495589,0.03398087090833482,0.03359084011587804
cs_dialogue,decoder,16,oracle_local,0.5,0.25093566209231866,0.4656084656084656,0.4708994708994709,0.21320182094081944,27,17,157,0.9871252052190443,1812,6089.553619384766,,0.00440917107583777,0.011524980692686981,0.012898330804248848
cs_dialogue,encoder,16,global,0.5,0.3755123863838888,0.5758377425044092,0.605379188712522,0.3366671265002069,118,358,1633,0.8850773351767044,245535,2583386.285888672,,-0.10582010582010587,-0.11305174359888315,-0.11056697475513863
cs_dialogue,encoder,16,oracle_local,0.5,0.6813402245589022,0.6957671957671958,0.7879188712522046,0.6631949234377156,62,574,2527,0.8176790806186814,79516,841006.1593322754,,-0.22574955908289246,-0.41887958177389656,-0.4370947716926473
cs_dialogue,decoder,17,global,0.5,0.24012356680330305,0.44929453262786595,0.4519400352733686,0.20361429162643124,117,70,289,0.9790892594832801,13753,47781.05200386047,,0.020723104056437402,0.022337075981702592,0.02248586011863704
cs_dialogue,decoder,17,oracle_local,0.5,0.24855937741341413,0.4660493827160494,0.468694885361552,0.2107876948544627,55,46,117,0.9925689103948846,1832,6211.26825428009,,0.003968253968253954,0.013901265371591504,0.015312456890605591
cs_dialogue,encoder,17,global,0.5,0.42030535258123924,0.5970017636684304,0.6111111111111112,0.38777762449993103,120,408,2402,0.8225179296638728,245535,2584840.208129883,,-0.12698412698412703,-0.1578447097962336,-0.16167747275486274
cs_dialogue,encoder,17,oracle_local,0.5,0.6388641359234837,0.7129629629629629,0.8192239858906526,0.6073941233273555,55,606,2795,0.7954722198219994,79516,841178.3278045654,,-0.24294532627865956,-0.37640349313847804,-0.3812939715822873
cs_dialogue,decoder,18,global,0.5,0.23608388284916532,0.4506172839506173,0.45458553791887124,0.19857911436060147,98,54,229,0.9837552924911431,13539,46738.686205387115,,0.019400352733686066,0.02637675993584032,0.027521037384466818
cs_dialogue,decoder,18,oracle_local,0.5,0.24552961444781085,0.468694885361552,0.4722222222222222,0.2067181680231756,35,32,89,0.9940378467121749,1827,6125.461187839508,,0.0013227513227513366,0.016931028337194787,0.019381983721892676
cs_dialogue,encoder,18,global,0.5,0.5087625497534605,0.6375661375661376,0.6521164021164021,0.4841357428610843,110,490,3117,0.7664391255508511,245535,2587455.7834472656,,-0.1675485008818342,-0.24630190696845483,-0.25803559111601604
cs_dialogue,encoder,18,oracle_local,0.5,0.5679914453751559,0.6869488536155203,0.7535273368606702,0.537108566698855,81,573,2679,0.8039402056510844,79516,840711.674407959,,-0.21693121693121692,-0.30553080259015025,-0.3110084149537867
cs_dialogue,decoder,19,global,0.5,0.24683657102120835,0.46119929453262787,0.4638447971781305,0.20954614429576493,81,61,346,0.9739911863820963,13394,47523.848385334015,,0.008818342151675485,0.015624071763797293,0.016554007449303354
cs_dialogue,decoder,19,oracle_local,0.5,0.24618309273450958,0.468694885361552,0.4713403880070547,0.20761484342667955,38,35,97,0.9930009504882054,1815,6261.662513017654,,0.0013227513227513366,0.016277550050496054,0.018485308318388738
cs_dialogue,encoder,19,global,0.5,0.5332382819461772,0.718694885361552,0.794973544973545,0.4902055455924955,100,664,3826,0.715976842650998,245535,2570981.474975586,,-0.24867724867724866,-0.27077763916117153,-0.26410539384742726
cs_dialogue,encoder,19,oracle_local,0.5,0.6598348482148161,0.7222222222222222,0.8117283950617284,0.6346392605876673,53,625,3596,0.7287652294132896,79516,835688.3257446289,,-0.25220458553791886,-0.39737420542981045,-0.40853910884259903
cs_dialogue,decoder,20,global,0.5,0.2524802471336066,0.4506172839506173,0.45458553791887124,0.21754724789626156,90,46,412,0.967337768944958,13243,47623.272213220596,,0.019400352733686066,0.009980395651399021,0.00855290384880672
cs_dialogue,decoder,20,oracle_local,0.5,0.24552961444781085,0.4607583774250441,0.4638447971781305,0.20802869361291212,58,37,98,0.9931737665255336,1814,6347.32923412323,,0.009259259259259245,0.016931028337194787,0.01807145813215616
cs_dialogue,encoder,20,global,0.5,0.8080556050614863,0.7760141093474426,0.7826278659611993,0.8107325148296317,116,810,7285,0.4249546357902013,245535,2578349.9389648438,,-0.3059964726631393,-0.5455949622764806,-0.5846323630845635
cs_dialogue,encoder,20,oracle_local,0.5,0.5991801817857779,0.7835097001763669,0.7843915343915344,0.5684922058214926,46,757,4158,0.6863388922492007,79516,835692.7704925537,,-0.31349206349206354,-0.3367195390007723,-0.34239205407642437
cs_dialogue,decoder,21,global,0.5,0.2575892591932514,0.4497354497354497,0.4537037037037037,0.2236170506276728,117,71,682,0.9453901322042686,12914,48861.94014215469,,0.020282186948853642,0.004871383591754264,0.0024831011173954975
cs_dialogue,decoder,21,oracle_local,0.5,0.2575892591932514,0.4638447971781305,0.47001763668430335,0.2210649744792385,56,42,153,0.9890261816296553,1818,6700.198716163635,,0.006172839506172867,0.004871383591754264,0.005035177265829777
cs_dialogue,encoder,21,global,0.5,1.5614566625081685,1.0,1.0,1.6518830183473583,0,1202,11114,0.12261297848440335,245535,2780831.831176758,,-0.5299823633156966,-1.298996019723163,-1.42578286660229
cs_dialogue,encoder,21,oracle_local,0.5,0.5987643319669697,0.7945326278659612,0.8099647266313933,0.564008828803973,14,750,3901,0.7069040006912641,79516,893059.599685669,,-0.3245149911816579,-0.336303689181964,-0.3379086770589047
cs_dialogue,decoder,22,global,0.5,0.31319432067961744,0.43209876543209874,0.43562610229276894,0.2910056559525452,155,69,1170,0.9036550591894927,13007,49895.03261470795,,0.03791887125220461,-0.050733677894611806,-0.0649055042074769
cs_dialogue,decoder,22,oracle_local,0.5,0.25188617596388047,0.4642857142857143,0.4678130511463845,0.214788246654711,58,45,224,0.9833232523978225,1809,6737.15004491806,,0.005731922398589051,0.010574466821125172,0.011311905090357288
cs_dialogue,encoder,22,global,0.5,1.5809421968751856,0.9986772486772487,0.9991181657848325,1.6746447785901504,2,1201,10808,0.14896742417696363,245535,2782046.560546875,,-0.5286596119929454,-1.31848155409018,-1.4485446268450821
cs_dialogue,encoder,22,oracle_local,0.5,0.5514168597397968,0.7667548500881834,0.8276014109347443,0.5062077527934887,23,696,3523,0.7363691350557332,79516,892745.99269104,,-0.2967372134038801,-0.2889562169547912,-0.2801076010484205
cs_dialogue,decoder,23,global,0.5,0.28800570308322937,0.4157848324514991,0.42416225749559083,0.2636225686301559,174,51,939,0.9226648232956018,13116,51893.88735604286,,0.054232804232804244,-0.025545060298223732,-0.03752241688508759
cs_dialogue,decoder,23,oracle_local,0.5,0.2530743183033327,0.45634920634920634,0.4603174603174603,0.21734032280314527,69,38,239,0.981681500043204,1791,6863.347436666489,,0.013668430335097015,0.009386324481672925,0.008759828941923009
cs_dialogue,encoder,23,global,0.5,1.8167884512564605,0.9951499118165785,0.9973544973544973,1.9487515519381984,5,1196,11332,0.10325758230363778,245535,2777419.144897461,,-0.5251322751322751,-1.554327808471455,-1.7226514001931301
cs_dialogue,encoder,23,oracle_local,0.5,0.6480722390542387,0.7482363315696648,0.9294532627865961,0.6024968961236032,38,669,3927,0.6996457271234771,79516,891107.1990814209,,-0.2782186948853615,-0.3856115962692331,-0.376396744378535
cs_dialogue,decoder,24,global,0.5,0.30481791718647894,0.4497354497354497,0.531305114638448,0.26638156987170647,143,97,1363,0.8881016158299491,12687,52714.37694597244,,0.020282186948853642,-0.0423572744014733,-0.040281418126638185
cs_dialogue,decoder,24,oracle_local,0.5,0.255034753163429,0.4731040564373898,0.47663139329806,0.2170644226789902,63,70,295,0.9783115873153029,1809,7197.939855337143,,-0.0030864197530864335,0.007425889621576642,0.00903572906607808
cs_dialogue,encoder,24,global,0.5,1.7008851660428919,0.9828042328042328,1.0445326278659612,1.8068009380604222,14,1177,11546,0.08312451395489501,245535,2782808.1407470703,,-0.5127865961199294,-1.4384245232578863,-1.580700786315354
cs_dialogue,encoder,24,oracle_local,0.5,0.6581120418226103,0.7288359788359788,1.152116402116402,0.5793902607256173,51,638,4076,0.6843515078199257,79516,892828.0456085205,,-0.2588183421516755,-0.39565139903760466,-0.353290108980549
cs_dialogue,decoder,25,global,0.5,0.3307194201865383,0.4400352733686067,0.48148148148148145,0.3043178369430266,156,88,1896,0.8412684697139895,12302,55519.26236367226,,0.029982363315696647,-0.06825877740153269,-0.07821768519795833
cs_dialogue,decoder,25,oracle_local,0.5,0.261331907562526,0.4541446208112875,0.4576719576719577,0.22734170230376605,87,51,319,0.9750280826060659,1797,7822.755096197128,,0.015873015873015872,0.0011287352224796376,-0.0012415505586977627
cs_dialogue,encoder,25,global,0.5,1.505911008138775,0.9664902998236331,0.9704585537918872,1.5920126914057111,22,1148,11462,0.08787695498142227,245535,2782829.591064453,,-0.49647266313932975,-1.2434503653537694,-1.3659125396606429
cs_dialogue,encoder,25,oracle_local,0.5,0.6525871799441573,0.7103174603174603,1.0630511463844796,0.5868395640778038,32,577,3623,0.7203836516028688,79516,893023.5618438721,,-0.240299823633157,-0.39012653715915163,-0.36073941233273554
cs_dialogue,decoder,26,global,0.5,0.3630962989366126,0.4312169312169312,0.4722222222222222,0.3417023037660367,190,102,2226,0.8136179037414673,13823,68524.5644774437,,0.03880070546737213,-0.10063565615160697,-0.11560215202096844
cs_dialogue,decoder,26,oracle_local,0.5,0.25455949622764806,0.4620811287477954,0.4660493827160494,0.21816802317561043,78,60,271,0.9798669316512573,1798,8628.052689313889,,0.007936507936507964,0.007901146557357575,0.007932128569457852
cs_dialogue,encoder,26,global,0.5,1.4571377651042594,0.9470899470899471,0.9929453262786596,1.531866464339909,26,1108,11333,0.09651775684783548,245535,2800197.5036621094,,-0.47707231040564374,-1.1946771223192538,-1.3057663125948407
cs_dialogue,encoder,26,oracle_local,0.5,0.7027861937860156,0.7182539682539683,1.0220458553791887,0.6516071182232032,42,605,4042,0.6859068521558801,79516,898601.1316986084,,-0.2482363315696649,-0.44032555100100995,-0.4255069664781349
cs_dialogue,decoder,27,global,0.5,0.3987999762371532,0.4210758377425044,0.46472663139329806,0.3850186232583805,227,116,2738,0.7705003024280653,14907,86894.63762521744,,0.04894179894179895,-0.13633933345214755,-0.1589184715133122
cs_dialogue,decoder,27,oracle_local,0.5,0.25164854749599,0.44312169312169314,0.44929453262786595,0.21734032280314527,123,62,243,0.982286356173853,1809,10275.423062324524,,0.026895943562610214,0.01081209528901561,0.008759828941923009
cs_dialogue,encoder,27,global,0.5,1.2763619081565971,0.8884479717813051,0.9656084656084656,1.3262518968133536,58,1007,9266,0.26777844984014515,245535,2801217.1970214844,,-0.4184303350970017,-1.0139012653715915,-1.1001517450682854
cs_dialogue,encoder,27,oracle_local,0.5,0.4963464623061843,0.650352733686067,0.7513227513227513,0.4542005793902607,87,496,2713,0.7934848353927244,79516,899106.2006835938,,-0.1803350970017637,-0.23388581952117865,-0.22810042764519242
cs_dialogue,decoder,28,global,0.5,0.36434384839303746,0.41798941798941797,0.48236331569664903,0.3417712787970755,199,81,2056,0.8270975546530718,13949,95180.02101421356,,0.052028218694885386,-0.10188320560803182,-0.11567112705200719
cs_dialogue,decoder,28,oracle_local,0.5,0.2585397730648132,0.45634920634920634,0.46119929453262787,0.2236170506276728,74,43,277,0.9783115873153029,1812,12082.7230052948,,0.013668430335097015,0.003920869720192455,0.0024831011173954975
cs_dialogue,encoder,28,global,0.5,0.7440147329650092,0.722663139329806,0.7641093474426808,0.7398261829217823,199,772,6920,0.45502462628531926,245535,2845929.7749023438,,-0.2526455026455026,-0.48155409018000356,-0.513726031176714
cs_dialogue,encoder,28,oracle_local,0.5,0.3956513990376047,0.6247795414462081,0.7054673721340388,0.344530280038626,92,443,2371,0.8201849131599412,79516,912901.4825744629,,-0.1547619047619047,-0.13319075625259907,-0.11843012829355773
cs_dialogue,decoder,29,global,0.5,0.3792550347531634,0.40652557319223986,0.45811287477954143,0.35018623258380466,231,87,2297,0.807569342434978,14404,108746.52691698074,,0.06349206349206349,-0.11679439196815777,-0.12408608083873637
cs_dialogue,decoder,29,oracle_local,0.5,0.25806451612903225,0.44488536155202824,0.4783950617283951,0.22023727410677335,83,26,256,0.9791756675019442,1820,13468.904732704163,,0.025132275132275117,0.004396126655973387,0.005862877638294933
cs_dialogue,encoder,29,global,0.5,1.002613913146795,0.906084656084656,1.06657848324515,0.9926196716788522,56,1045,9767,0.22708027304933898,245535,2882521.9244384766,,-0.4360670194003527,-0.7401532703617895,-0.766519519933784
cs_dialogue,encoder,29,oracle_local,0.5,0.5049010871502406,0.6556437389770723,0.832010582010582,0.4515795282107877,77,498,3214,0.7509720902099715,79516,923852.076461792,,-0.18562610229276894,-0.24244044436523499,-0.2254793764657194
cs_dialogue,decoder,30,global,0.5,0.334462068555813,0.40343915343915343,0.41358024691358025,0.3187336184301283,202,51,1848,0.843601486217921,13287,106932.35697841644,,0.06657848324514992,-0.07200142577080737,-0.09263346668506003
cs_dialogue,decoder,30,oracle_local,0.5,0.2662626982712529,0.44841269841269843,0.45282186948853614,0.2337563801903711,72,23,275,0.9772746910913332,1797,14149.018505096436,,0.021604938271604923,-0.0038020554862472355,-0.0076562284453028095
cs_dialogue,encoder,30,global,0.5,0.9682171924196519,0.958994708994709,1.0035273368606703,0.9624775831149124,20,1129,9833,0.22777153719865204,245535,2967061.8745117188,,-0.4889770723104056,-0.7057565496346463,-0.7363774313698441
cs_dialogue,encoder,30,oracle_local,0.5,0.5811204182261035,0.6838624338624338,0.8518518518518519,0.5369016416057387,57,542,3425,0.7350730147757711,79516,950093.8857727051,,-0.21384479717813049,-0.31865977544109786,-0.31080148986067047
cs_dialogue,decoder,31,global,0.5,0.3122438068080556,0.421957671957672,0.4329805996472663,0.29031590564215753,159,50,1417,0.8807569342434978,12976,115406.72562360764,,0.04805996472663138,-0.04978316402304994,-0.06421575389708925
cs_dialogue,decoder,31,oracle_local,0.5,0.25545060298223726,0.45282186948853614,0.4576719576719577,0.2205131742309284,60,21,247,0.9796941156139289,1813,15808.538031578064,,0.01719576719576721,0.007010039802768375,0.00558697751413989
cs_dialogue,encoder,31,global,0.5,1.0988534426424286,0.9096119929453262,1.2764550264550265,1.0715271071871981,94,1091,11606,0.07120020737924479,245535,3130796.0174560547,,-0.4395943562610229,-0.836392799857423,-0.8454269554421299
cs_dialogue,encoder,31,oracle_local,0.5,0.7031426364878512,0.7283950617283951,1.1093474426807761,0.6378810870464892,49,635,4326,0.6630951352285492,79516,1002203.8221435547,,-0.2583774250440917,-0.4406819937028456,-0.4117809353014209
seame_dev_man,decoder,0,global,0.5,0.3612565445026178,0.6565656565656566,0.6868686868686869,0.3204225352112676,4,1,,0.9953917050691244,933,957.4529383778572,,0.030303030303030276,0.003141361256544517,0.0
seame_dev_man,decoder,0,oracle_local,0.5,0.362303664921466,0.6565656565656566,0.6868686868686869,0.3215962441314554,3,0,,0.9984639016897081,69,71.20184922218323,,0.030303030303030276,0.002094240837696326,-0.0011737089201877549
seame_dev_man,encoder,0,global,0.5,0.4607329842931937,0.7272727272727273,0.7575757575757576,0.42370892018779344,5,9,,0.8172043010752689,11400,137961.44915771484,1.0,-0.04040404040404044,-0.0963350785340314,-0.10328638497652581
seame_dev_man,encoder,0,oracle_local,0.5,0.5015706806282723,0.7575757575757576,0.7676767676767676,0.46830985915492956,1,8,,0.7526881720430108,2367,28673.116503715515,0.20763157894736842,-0.07070707070707072,-0.13717277486910995,-0.14788732394366194
seame_dev_man,decoder,1,global,0.5,0.36544502617801045,0.6767676767676768,0.7070707070707071,0.3227699530516432,1,0,,0.9861751152073732,931,1512.488299369812,,0.010101010101010055,-0.0010471204188481353,-0.0023474178403755652
seame_dev_man,decoder,1,oracle_local,0.5,0.3633507853403141,0.6868686868686869,0.7171717171717171,0.3192488262910798,0,0,,0.9969278033794163,69,112.31330692768097,,0.0,0.0010471204188481908,0.0011737089201878104
seame_dev_man,encoder,1,global,0.5,2.2858638743455497,0.696969696969697,1.0303030303030303,2.437793427230047,5,6,,0.8248847926267281,11400,119941.86541748047,1.0,-0.010101010101010166,-1.9214659685863875,-2.1173708920187795
seame_dev_man,encoder,1,oracle_local,0.5,0.4963350785340314,0.7373737373737373,0.7474747474747475,0.4647887323943662,3,8,,0.7557603686635944,2367,24914.779970169067,0.20763157894736842,-0.0505050505050505,-0.1319371727748691,-0.14436619718309857
seame_dev_man,decoder,2,global,0.5,0.362303664921466,0.6767676767676768,0.7070707070707071,0.3192488262910798,1,0,,0.9769585253456221,923,1744.4988079071045,,0.010101010101010055,0.002094240837696326,0.0011737089201878104
seame_dev_man,decoder,2,oracle_local,0.5,0.362303664921466,0.6868686868686869,0.7171717171717171,0.318075117370892,0,0,,0.9969278033794163,69,130.91828572750092,,0.0,0.002094240837696326,0.0023474178403756207
seame_dev_man,encoder,2,global,0.5,2.060732984293194,0.7070707070707071,1.0404040404040404,2.1842723004694835,4,6,,0.8294930875576036,11400,119242.30340576172,1.0,-0.02020202020202022,-1.6963350785340316,-1.863849765258216
seame_dev_man,encoder,2,oracle_local,0.5,0.49109947643979057,0.7777777777777778,0.7878787878787878,0.45422535211267606,1,10,,0.7572964669738863,2367,24769.805850982666,0.20763157894736842,-0.09090909090909094,-0.12670157068062826,-0.13380281690140844
seame_dev_man,decoder,3,global,0.5,0.36858638743455496,0.6767676767676768,0.7070707070707071,0.32629107981220656,1,0,,0.9754224270353302,917,1919.8259762525558,,0.010101010101010055,-0.004188481675392652,-0.005868544600938941
seame_dev_man,decoder,3,oracle_local,0.5,0.3612565445026178,0.6767676767676768,0.7070707070707071,0.318075117370892,1,0,,0.9984639016897081,69,145.68361628055573,,0.010101010101010055,0.003141361256544517,0.0023474178403756207
seame_dev_man,encoder,3,global,0.5,2.0785340314136125,0.7070707070707071,1.2626262626262625,2.1784037558685445,4,6,,0.8110599078341014,11400,117248.98248291016,1.0,-0.02020202020202022,-1.7141361256544503,-1.857981220657277
seame_dev_man,encoder,3,oracle_local,0.5,0.4963350785340314,0.7777777777777778,0.7878787878787878,0.460093896713615,1,10,,0.7588325652841782,2367,24351.79986000061,0.20763157894736842,-0.09090909090909094,-0.1319371727748691,-0.13967136150234738
seame_dev_man,decoder,4,global,0.5,0.3633507853403141,0.6868686868686869,0.7171717171717171,0.3192488262910798,0,0,,0.9861751152073732,927,2004.1491907835007,,0.0,0.0010471204188481908,0.0011737089201878104
seame_dev_man,decoder,4,oracle_local,0.5,0.3612565445026178,0.6767676767676768,0.7070707070707071,0.318075117370892,1,0,,0.9984639016897081,69,150.14725136756897,,0.010101010101010055,0.003141361256544517,0.0023474178403756207
seame_dev_man,encoder,4,global,0.5,2.2900523560209423,0.7070707070707071,1.4343434343434343,2.3955399061032865,4,6,,0.8294930875576036,11400,115988.90020751953,1.0,-0.02020202020202022,-1.92565445026178,-2.075117370892019
seame_dev_man,encoder,4,oracle_local,0.5,0.5099476439790576,0.7373737373737373,0.7474747474747475,0.4800469483568075,5,10,,0.7188940092165899,2367,24087.598596572876,0.20763157894736842,-0.0505050505050505,-0.14554973821989525,-0.15962441314553988
seame_dev_man,decoder,5,global,0.5,0.3612565445026178,0.6868686868686869,0.7070707070707071,0.318075117370892,0,0,,0.9846390168970814,931,2091.567009449005,,0.0,0.003141361256544517,0.0023474178403756207
seame_dev_man,decoder,5,oracle_local,0.5,0.35916230366492147,0.6767676767676768,0.7070707070707071,0.31572769953051644,1,0,,1.0,69,155.45694172382355,,0.010101010101010055,0.005235602094240843,0.004694835680751186
seame_dev_man,encoder,5,global,0.5,1.9382198952879581,0.7373737373737373,1.2828282828282829,2.0187793427230045,4,9,,0.8617511520737328,11400,115709.75079345703,1.0,-0.0505050505050505,-1.573821989528796,-1.698356807511737
seame_dev_man,encoder,5,oracle_local,0.5,0.4952879581151832,0.7474747474747475,0.7575757575757576,0.4624413145539906,4,10,,0.7496159754224271,2367,24035.78245162964,0.20763157894736842,-0.06060606060606066,-0.13089005235602091,-0.142018779342723
seame_dev_man,decoder,6,global,0.5,0.3581151832460733,0.6767676767676768,0.7070707070707071,0.3145539906103286,1,0,,0.9861751152073732,929,2206.311846613884,,0.010101010101010055,0.006282722513089034,0.005868544600938996
seame_dev_man,decoder,6,oracle_local,0.5,0.3612565445026178,0.6868686868686869,0.7171717171717171,0.31690140845070425,0,0,,0.9984639016897081,69,164.46008253097534,,0.0,0.003141361256544517,0.0035211267605633756
seame_dev_man,encoder,6,global,0.5,2.364397905759162,0.7373737373737373,1.1313131313131313,2.5140845070422535,4,9,,0.8648233486943164,11400,115764.81066894531,1.0,-0.0505050505050505,-2.0,-2.193661971830986
seame_dev_man,encoder,6,oracle_local,0.5,0.4837696335078534,0.7474747474747475,0.7575757575757576,0.4495305164319249,4,10,,0.7557603686635944,2367,24049.029101371765,0.20763157894736842,-0.06060606060606066,-0.11937172774869109,-0.12910798122065725
seame_dev_man,decoder,7,global,0.5,0.36020942408376966,0.6767676767676768,0.7070707070707071,0.31690140845070425,1,0,,0.9923195084485407,931,2380.968787550926,,0.010101010101010055,0.004188481675392652,0.0035211267605633756
seame_dev_man,decoder,7,oracle_local,0.5,0.3633507853403141,0.6868686868686869,0.7272727272727273,0.318075117370892,0,0,,1.0,69,176.68461108207703,,0.0,0.0010471204188481908,0.0023474178403756207
seame_dev_man,encoder,7,global,0.5,2.4408376963350786,0.7272727272727273,1.2626262626262625,2.584507042253521,4,8,,0.8509984639016898,11400,114244.78582763672,1.0,-0.04040404040404044,-2.0764397905759164,-2.2640845070422535
seame_dev_man,encoder,7,oracle_local,0.5,0.48900523560209425,0.7474747474747475,0.7575757575757576,0.45539906103286387,4,10,,0.7588325652841782,2367,23732.13195514679,0.20763157894736842,-0.06060606060606066,-0.12460732984293194,-0.13497652582159625
seame_dev_man,decoder,8,global,0.5,0.35916230366492147,0.696969696969697,0.7272727272727273,0.31338028169014087,0,1,,0.9938556067588326,927,2571.10395693779,,-0.010101010101010166,0.005235602094240843,0.007042253521126751
seame_dev_man,decoder,8,oracle_local,0.5,0.3612565445026178,0.6868686868686869,0.7171717171717171,0.31690140845070425,0,0,,1.0,69,192.38066983222961,,0.0,0.003141361256544517,0.0035211267605633756
seame_dev_man,encoder,8,global,0.5,2.0366492146596857,0.7373737373737373,1.0808080808080809,2.1514084507042255,5,10,,0.8417818740399385,11400,115007.74743652344,1.0,-0.0505050505050505,-1.6722513089005235,-1.830985915492958
seame_dev_man,encoder,8,oracle_local,0.5,0.5057591623036649,0.7474747474747475,0.7575757575757576,0.47417840375586856,4,10,,0.738863287250384,2367,23889.59869003296,0.20763157894736842,-0.06060606060606066,-0.1413612565445026,-0.15375586854460094
seame_dev_man,decoder,9,global,0.5,0.3633507853403141,0.696969696969697,0.7272727272727273,0.318075117370892,0,1,,0.9938556067588326,928,2579.049024105072,,-0.010101010101010166,0.0010471204188481908,0.0023474178403756207
seame_dev_man,decoder,9,oracle_local,0.5,0.3633507853403141,0.6868686868686869,0.7171717171717171,0.3192488262910798,0,0,,1.0,69,192.780259847641,,0.0,0.0010471204188481908,0.0011737089201878104
seame_dev_man,encoder,9,global,0.5,2.2408376963350785,0.7777777777777778,1.0606060606060606,2.3826291079812205,6,15,,0.8141321044546851,11400,114922.35064697266,1.0,-0.09090909090909094,-1.8764397905759163,-2.062206572769953
seame_dev_man,encoder,9,oracle_local,0.5,0.5057591623036649,0.7575757575757576,0.7676767676767676,0.47300469483568075,3,10,,0.7403993855606759,2367,23873.875665664673,0.20763157894736842,-0.07070707070707072,-0.1413612565445026,-0.15258215962441313
seame_dev_man,decoder,10,global,0.5,0.3612565445026178,0.6868686868686869,0.7171717171717171,0.31690140845070425,3,3,,0.9815668202764977,921,2668.603790998459,,0.0,0.003141361256544517,0.0035211267605633756
seame_dev_man,decoder,10,oracle_local,0.5,0.362303664921466,0.6868686868686869,0.7171717171717171,0.318075117370892,0,0,,1.0,69,200.1806161403656,,0.0,0.002094240837696326,0.0023474178403756207
seame_dev_man,encoder,10,global,0.5,1.1633507853403142,0.7777777777777778,0.8080808080808081,1.2053990610328638,3,12,,0.8033794162826421,11400,117259.05395507812,1.0,-0.09090909090909094,-0.7989528795811519,-0.8849765258215961
seame_dev_man,encoder,10,oracle_local,0.5,0.5099476439790576,0.7575757575757576,0.7676767676767676,0.47769953051643194,3,10,,0.7311827956989247,2367,24364.78032398224,0.20763157894736842,-0.07070707070707072,-0.14554973821989525,-0.1572769953051643
seame_dev_man,decoder,11,global,0.5,0.36020942408376966,0.6666666666666666,0.696969696969697,0.318075117370892,4,2,,0.978494623655914,916,2696.571492910385,,0.02020202020202022,0.004188481675392652,0.0023474178403756207
seame_dev_man,decoder,11,oracle_local,0.5,0.362303664921466,0.6868686868686869,0.7171717171717171,0.318075117370892,0,0,,1.0,69,203.0612108707428,,0.0,0.002094240837696326,0.0023474178403756207
seame_dev_man,encoder,11,global,0.5,1.2680628272251309,0.7070707070707071,0.8787878787878788,1.3145539906103287,9,11,,0.7818740399385561,11400,117111.5810546875,1.0,-0.02020202020202022,-0.9036649214659686,-0.9941314553990611
seame_dev_man,encoder,11,oracle_local,0.5,0.5109947643979058,0.7777777777777778,0.7878787878787878,0.4765258215962441,1,10,,0.7342549923195084,2367,24335.46084499359,0.20763157894736842,-0.09090909090909094,-0.1465968586387435,-0.1561032863849765
seame_dev_man,decoder,12,global,0.5,0.362303664921466,0.6868686868686869,0.7171717171717171,0.318075117370892,0,0,,0.9815668202764977,917,2801.176787376404,,0.0,0.002094240837696326,0.0023474178403756207
seame_dev_man,decoder,12,oracle_local,0.5,0.362303664921466,0.6868686868686869,0.7171717171717171,0.318075117370892,0,0,,1.0,69,210.06781339645386,,0.0,0.002094240837696326,0.0023474178403756207
seame_dev_man,encoder,12,global,0.5,1.6596858638743455,0.7878787878787878,0.7878787878787878,1.7640845070422535,5,15,,0.7665130568356375,11400,116662.64776611328,1.0,-0.101010101010101,-1.2952879581151833,-1.443661971830986
seame_dev_man,encoder,12,oracle_local,0.5,0.5172774869109947,0.7676767676767676,0.7777777777777778,0.4847417840375587,2,10,,0.7342549923195084,2367,24242.515957832336,0.20763157894736842,-0.08080808080808077,-0.15287958115183242,-0.16431924882629106
seame_dev_man,decoder,13,global,0.5,0.34973821989528797,0.6666666666666666,0.6868686868686869,0.3075117370892019,3,1,,0.978494623655914,903,2896.0145683288574,,0.02020202020202022,0.014659685863874339,0.012910798122065748
seame_dev_man,decoder,13,oracle_local,0.5,0.362303664921466,0.6868686868686869,0.7171717171717171,0.318075117370892,0,0,,1.0,69,220.15597438812256,,0.0,0.002094240837696326,0.0023474178403756207
seame_dev_man,encoder,13,global,0.5,1.5476439790575915,0.9191919191919192,0.9191919191919192,1.6232394366197183,1,24,,0.6190476190476191,11400,116237.26275634766,1.0,-0.23232323232323238,-1.1832460732984291,-1.3028169014084505
seame_dev_man,encoder,13,oracle_local,0.5,0.5256544502617801,0.7777777777777778,0.7878787878787878,0.49295774647887325,2,11,,0.7188940092165899,2367,24151.2323884964,0.20763157894736842,-0.09090909090909094,-0.16125654450261784,-0.17253521126760563
seame_dev_man,decoder,14,global,0.5,0.34973821989528797,0.6565656565656566,0.6868686868686869,0.3075117370892019,4,1,,0.9738863287250384,902,2958.081367969513,,0.030303030303030276,0.014659685863874339,0.012910798122065748
seame_dev_man,decoder,14,oracle_local,0.5,0.3612565445026178,0.6868686868686869,0.7070707070707071,0.318075117370892,0,0,,0.9984639016897081,69,225.05743789672852,,0.0,0.003141361256544517,0.0023474178403756207
seame_dev_man,encoder,14,global,0.5,2.068062827225131,0.9696969696969697,0.9696969696969697,2.2007042253521125,0,28,,0.4930875576036866,11400,115467.4058227539,1.0,-0.2828282828282829,-1.7036649214659687,-1.880281690140845
seame_dev_man,encoder,14,oracle_local,0.5,0.5172774869109947,0.7777777777777778,0.7878787878787878,0.4835680751173709,2,11,,0.7296466973886329,2367,23991.675463676453,0.20763157894736842,-0.09090909090909094,-0.15287958115183242,-0.16314553990610325
seame_dev_man,decoder,15,global,0.5,0.35287958115183243,0.6464646464646465,0.6767676767676768,0.31220657276995306,4,0,,0.9723502304147466,904,2934.002604007721,,0.04040404040404033,0.011518324607329877,0.008215962441314562
seame_dev_man,decoder,15,oracle_local,0.5,0.36020942408376966,0.6868686868686869,0.7070707070707071,0.31690140845070425,0,0,,1.0,69,222.57781291007996,,0.0,0.004188481675392652,0.0035211267605633756
seame_dev_man,encoder,15,global,0.5,1.881675392670157,0.9595959595959596,1.0,1.9671361502347418,0,27,,0.5422427035330261,11400,116591.83557128906,1.0,-0.2727272727272727,-1.5172774869109946,-1.646713615023474
seame_dev_man,encoder,15,oracle_local,0.5,0.5089005235602094,0.7777777777777778,0.7878787878787878,0.47417840375586856,2,11,,0.7403993855606759,2367,24227.352310180664,0.20763157894736842,-0.09090909090909094,-0.14450261780104712,-0.15375586854460094
seame_dev_man,decoder,16,global,0.5,0.34764397905759165,0.6464646464646465,0.6666666666666666,0.3075117370892019,4,0,,0.9846390168970814,912,3112.4372107982635,,0.04040404040404033,0.016753926701570665,0.012910798122065748
seame_dev_man,decoder,16,oracle_local,0.5,0.35916230366492147,0.6464646464646465,0.6565656565656566,0.3204225352112676,4,0,,0.9953917050691244,69,232.7371551990509,,0.04040404040404033,0.005235602094240843,0.0
seame_dev_man,encoder,16,global,0.5,1.7340314136125654,0.9696969696969697,0.9696969696969697,1.8262910798122065,0,28,,0.49923195084485406,11400,118418.6849975586,1.0,-0.2828282828282829,-1.3696335078534032,-1.505868544600939
seame_dev_man,encoder,16,oracle_local,0.5,0.48900523560209425,0.7878787878787878,0.8080808080808081,0.4495305164319249,1,11,,0.7572964669738863,2367,24609.657467842102,0.20763157894736842,-0.101010101010101,-0.12460732984293194,-0.12910798122065725
seame_dev_man,decoder,17,global,0.5,0.35916230366492147,0.6565656565656566,0.6666666666666666,0.3192488262910798,4,1,,0.9692780337941628,901,3123.6444578170776,,0.030303030303030276,0.005235602094240843,0.0011737089201878104
seame_dev_man,decoder,17,oracle_local,0.5,0.35602094240837695,0.696969696969697,0.7171717171717171,0.30985915492957744,2,3,,0.9984639016897081,69,235.89442038536072,,-0.010101010101010166,0.00837696335078536,0.010563380281690182
seame_dev_man,encoder,17,global,0.5,1.8649214659685864,0.9696969696969697,0.9696969696969697,1.9730046948356808,2,30,,0.4393241167434716,11400,118601.62518310547,1.0,-0.2828282828282829,-1.500523560209424,-1.652582159624413
seame_dev_man,encoder,17,oracle_local,0.5,0.4942408376963351,0.7474747474747475,0.7575757575757576,0.4612676056338028,5,11,,0.7419354838709677,2367,24647.754199028015,0.20763157894736842,-0.06060606060606066,-0.12984293193717278,-0.1408450704225352
seame_dev_man,decoder,18,global,0.5,0.34973821989528797,0.6565656565656566,0.6868686868686869,0.3075117370892019,4,1,,0.989247311827957,914,3148.2607893943787,,0.030303030303030276,0.014659685863874339,0.012910798122065748
seame_dev_man,decoder,18,oracle_local,0.5,0.36020942408376966,0.6767676767676768,0.7171717171717171,0.31572769953051644,1,0,,0.9984639016897081,69,234.2257354259491,,0.010101010101010055,0.004188481675392652,0.004694835680751186
seame_dev_man,encoder,18,global,0.5,1.6869109947643979,0.9696969696969697,0.9696969696969697,1.755868544600939,0,28,,0.46390168970814133,11400,119135.93951416016,1.0,-0.2828282828282829,-1.3225130890052355,-1.4354460093896715
seame_dev_man,encoder,18,oracle_local,0.5,0.47853403141361256,0.7474747474747475,0.7575757575757576,0.44366197183098594,5,11,,0.7603686635944701,2367,24753.750354766846,0.20763157894736842,-0.06060606060606066,-0.11413612565445025,-0.12323943661971831
seame_dev_man,decoder,19,global,0.5,0.36858638743455496,0.6262626262626263,0.6464646464646465,0.3333333333333333,6,0,,0.9554531490015361,906,3205.074637413025,,0.06060606060606055,-0.004188481675392652,-0.012910798122065692
seame_dev_man,decoder,19,oracle_local,0.5,0.35706806282722514,0.6767676767676768,0.7171717171717171,0.31220657276995306,1,0,,1.0,69,240.10925030708313,,0.010101010101010055,0.007329842931937169,0.008215962441314562
seame_dev_man,encoder,19,global,0.5,1.4680628272251308,0.9797979797979798,0.9797979797979798,1.5258215962441315,0,29,,0.2980030721966206,11400,118237.57421875,1.0,-0.29292929292929293,-1.1036649214659686,-1.205399061032864
seame_dev_man,encoder,19,oracle_local,0.5,0.4774869109947644,0.7474747474747475,0.7575757575757576,0.4424882629107981,4,10,,0.7741935483870968,2367,24568.771543502808,0.20763157894736842,-0.06060606060606066,-0.11308900523560211,-0.1220657276995305
seame_dev_man,decoder,20,global,0.5,0.3581151832460733,0.6262626262626263,0.6464646464646465,0.3215962441314554,6,0,,0.9615975422427036,902,3235.573716402054,,0.06060606060606055,0.006282722513089034,-0.0011737089201877549
seame_dev_man,decoder,20,oracle_local,0.5,0.3643979057591623,0.696969696969697,0.7373737373737373,0.318075117370892,0,1,,0.9969278033794163,69,244.92493343353271,,-0.010101010101010166,0.0,0.0023474178403756207
seame_dev_man,encoder,20,global,0.5,0.806282722513089,0.98989898989899,0.98989898989899,0.784037558685446,0,30,,0.30568356374807987,11400,119299.9345703125,1.0,-0.3030303030303031,-0.44188481675392666,-0.4636150234741784
seame_dev_man,encoder,20,oracle_local,0.5,0.49109947643979057,0.7373737373737373,0.7474747474747475,0.45892018779342725,6,11,,0.7557603686635944,2367,24784.97953414917,0.20763157894736842,-0.0505050505050505,-0.12670157068062826,-0.13849765258215962
seame_dev_man,decoder,21,global,0.5,0.34973821989528797,0.6262626262626263,0.6666666666666666,0.30985915492957744,6,0,,0.9600614439324117,878,3311.1369988918304,,0.06060606060606055,0.014659685863874339,0.010563380281690182
seame_dev_man,decoder,21,oracle_local,0.5,0.3549738219895288,0.6565656565656566,0.6868686868686869,0.31338028169014087,4,1,,0.9969278033794163,69,255.681316614151,,0.030303030303030276,0.009424083769633496,0.007042253521126751
seame_dev_man,encoder,21,global,0.5,0.8136125654450261,1.0,1.0,0.7910798122065728,0,31,,0.2903225806451613,11400,131654.1421508789,1.0,-0.31313131313131315,-0.4492146596858638,-0.47065727699530513
seame_dev_man,encoder,21,oracle_local,0.5,0.43455497382198954,0.7272727272727273,0.7474747474747475,0.3955399061032864,5,9,,0.858678955453149,2367,27320.063680648804,0.20763157894736842,-0.04040404040404044,-0.07015706806282723,-0.07511737089201875
seame_dev_man,decoder,22,global,0.5,0.5528795811518324,0.5656565656565656,0.5959595959595959,0.545774647887324,14,2,,0.9293394777265745,1064,4079.8516190052032,,0.12121212121212122,-0.18848167539267013,-0.22535211267605637
seame_dev_man,decoder,22,oracle_local,0.5,0.362303664921466,0.6666666666666666,0.7171717171717171,0.318075117370892,4,2,,0.9938556067588326,70,264.5439167022705,,0.02020202020202022,0.002094240837696326,0.0023474178403756207
seame_dev_man,encoder,22,global,0.5,0.8963350785340314,1.0,1.0,0.8826291079812206,0,31,,0.37480798771121354,11400,131834.94958496094,1.0,-0.31313131313131315,-0.5319371727748691,-0.562206572769953
seame_dev_man,encoder,22,oracle_local,0.5,0.7256544502617801,0.7575757575757576,0.7777777777777778,0.7183098591549296,8,15,,0.8125960061443932,2367,27359.556712150574,0.20763157894736842,-0.07070707070707072,-0.3612565445026178,-0.397887323943662
seame_dev_man,decoder,23,global,0.5,0.36649214659685864,0.5757575757575758,0.5959595959595959,0.3368544600938967,12,1,,0.9293394777265745,880,3469.752676963806,,0.11111111111111105,-0.002094240837696326,-0.016431924882629068
seame_dev_man,decoder,23,oracle_local,0.5,0.362303664921466,0.6868686868686869,0.7373737373737373,0.31572769953051644,2,2,,0.9938556067588326,68,262.5411102771759,,0.0,0.002094240837696326,0.004694835680751186
seame_dev_man,encoder,23,global,0.5,2.250261780104712,1.0,1.0,2.4014084507042255,0,31,,0.2534562211981567,11400,131468.0199584961,1.0,-0.31313131313131315,-1.8858638743455498,-2.080985915492958
seame_dev_man,encoder,23,oracle_local,0.5,0.45549738219895286,0.7171717171717171,0.7272727272727273,0.4213615023474178,6,9,,0.8187403993855606,2367,27281.099902153015,0.20763157894736842,-0.030303030303030276,-0.09109947643979055,-0.10093896713615019
seame_dev_man,decoder,24,global,0.5,0.36020942408376966,0.5454545454545454,0.5757575757575758,0.33215962441314556,17,3,,0.9124423963133641,876,3622.3750171661377,,0.14141414141414144,0.004188481675392652,-0.011737089201877937
seame_dev_man,decoder,24,oracle_local,0.5,0.3518324607329843,0.6767676767676768,0.7474747474747475,0.3028169014084507,5,4,,0.9953917050691244,68,275.3437819480896,,0.010101010101010055,0.012565445026178013,0.017605633802816933
seame_dev_man,encoder,24,global,0.5,1.1026178010471204,1.0,1.0,1.1150234741784038,0,31,,0.09523809523809523,11400,131665.2075805664,1.0,-0.31313131313131315,-0.7382198952879581,-0.7946009389671361
seame_dev_man,encoder,24,oracle_local,0.5,0.46282722513089003,0.7171717171717171,0.7272727272727273,0.4295774647887324,4,7,,0.8125960061443932,2367,27323.985405921936,0.20763157894736842,-0.030303030303030276,-0.09842931937172772,-0.10915492957746475
seame_dev_man,decoder,25,global,0.5,0.39267015706806285,0.5757575757575758,0.6060606060606061,0.36502347417840375,12,1,,0.8725038402457758,852,3839.6600930690765,,0.11111111111111105,-0.028272251308900542,-0.04460093896713613
seame_dev_man,decoder,25,oracle_local,0.5,0.3507853403141361,0.6363636363636364,0.7070707070707071,0.30633802816901406,6,1,,0.9969278033794163,68,299.71051049232483,,0.0505050505050505,0.013612565445026203,0.014084507042253558
seame_dev_man,encoder,25,global,0.5,1.2712041884816754,0.98989898989899,0.98989898989899,1.3051643192488263,0,30,,0.19047619047619047,11400,131617.13409423828,1.0,-0.3030303030303031,-0.9068062827225131,-0.9847417840375586
seame_dev_man,encoder,25,oracle_local,0.5,0.6397905759162303,0.696969696969697,0.7070707070707071,0.6302816901408451,4,5,,0.8325652841781874,2367,27311.450819015503,0.20763157894736842,-0.010101010101010166,-0.27539267015706803,-0.3098591549295775
seame_dev_man,decoder,26,global,0.5,0.39895287958115183,0.5656565656565656,0.6161616161616161,0.37089201877934275,16,4,,0.8632872503840245,1071,5310.7755789756775,,0.12121212121212122,-0.03455497382198952,-0.050469483568075124
seame_dev_man,decoder,26,oracle_local,0.5,0.35706806282722514,0.6565656565656566,0.7272727272727273,0.31103286384976525,4,1,,0.9938556067588326,69,336.91517972946167,,0.030303030303030276,0.007329842931937169,0.009389671361502372
seame_dev_man,encoder,26,global,0.5,1.3842931937172775,0.98989898989899,0.98989898989899,1.4342723004694835,0,30,,0.13210445468509985,11400,132477.14782714844,1.0,-0.3030303030303031,-1.0198952879581151,-1.113849765258216
seame_dev_man,encoder,26,oracle_local,0.5,0.5340314136125655,0.7171717171717171,1.3333333333333333,0.43896713615023475,6,9,,0.7880184331797235,2367,27491.29121017456,0.20763157894736842,-0.030303030303030276,-0.16963350785340314,-0.11854460093896713
seame_dev_man,decoder,27,global,0.5,0.4680628272251309,0.5959595959595959,0.6666666666666666,0.4424882629107981,11,2,,0.7711213517665131,893,5194.954868793488,,0.09090909090909094,-0.10366492146596856,-0.1220657276995305
seame_dev_man,decoder,27,oracle_local,0.5,0.3507853403141361,0.6161616161616161,0.6868686868686869,0.3086854460093897,8,1,,0.9877112135176651,68,391.2581157684326,,0.07070707070707072,0.013612565445026203,0.011737089201877937
seame_dev_man,encoder,27,global,0.5,1.0356020942408377,1.0,1.0,1.039906103286385,0,31,,0.23963133640552994,11400,132473.9998779297,1.0,-0.31313131313131315,-0.6712041884816754,-0.7194835680751174
seame_dev_man,encoder,27,oracle_local,0.5,0.4418848167539267,0.6464646464646465,0.6565656565656566,0.4131455399061033,7,3,,0.8248847926267281,2367,27485.406227111816,0.20763157894736842,0.04040404040404033,-0.0774869109947644,-0.09272300469483569
seame_dev_man,decoder,28,global,0.5,0.4282722513089005,0.5656565656565656,0.6060606060606061,0.40492957746478875,14,2,,0.8233486943164362,1068,7249.395867824554,,0.12121212121212122,-0.0638743455497382,-0.08450704225352113
seame_dev_man,decoder,28,oracle_local,0.5,0.3549738219895288,0.6464646464646465,0.7171717171717171,0.30985915492957744,5,1,,0.9969278033794163,68,459.29785108566284,,0.04040404040404033,0.009424083769633496,0.010563380281690182
seame_dev_man,encoder,28,global,0.5,0.9958115183246073,0.9494949494949495,0.9696969696969697,0.9988262910798122,1,27,,0.4147465437788018,11400,134456.5477294922,1.0,-0.26262626262626265,-0.631413612565445,-0.6784037558685446
seame_dev_man,encoder,28,oracle_local,0.5,0.4167539267015707,0.6767676767676768,0.696969696969697,0.38028169014084506,6,5,,0.8725038402457758,2367,27895.274236679077,0.20763157894736842,0.010101010101010055,-0.05235602094240838,-0.05985915492957744
seame_dev_man,decoder,29,global,0.5,0.41151832460732984,0.5656565656565656,0.6262626262626263,0.38380281690140844,15,3,,0.8525345622119815,1244,9349.122146606445,,0.12121212121212122,-0.04712041884816753,-0.06338028169014082
seame_dev_man,decoder,29,oracle_local,0.5,0.3633507853403141,0.6767676767676768,0.7373737373737373,0.31690140845070425,5,4,,0.9969278033794163,68,510.74296522140503,,0.010101010101010055,0.0010471204188481908,0.0035211267605633756
seame_dev_man,encoder,29,global,0.5,1.1476439790575916,1.0,1.1818181818181819,1.1443661971830985,0,31,,0.22734254992319508,11400,136062.27905273438,1.0,-0.31313131313131315,-0.7832460732984293,-0.8239436619718309
seame_dev_man,encoder,29,oracle_local,0.5,0.6167539267015707,0.7070707070707071,0.7171717171717171,0.6032863849765259,5,7,,0.8525345622119815,2367,28226.933411598206,0.20763157894736842,-0.02020202020202022,-0.2523560209424084,-0.28286384976525825
seame_dev_man,decoder,30,global,0.5,0.4157068062827225,0.5555555555555556,0.6060606060606061,0.3884976525821596,15,2,,0.8571428571428571,910,7299.790832042694,,0.13131313131313127,-0.051308900523560186,-0.068075117370892
seame_dev_man,decoder,30,oracle_local,0.5,0.3633507853403141,0.6767676767676768,0.7171717171717171,0.3192488262910798,3,2,,0.9969278033794163,69,552.1085724830627,,0.010101010101010055,0.0010471204188481908,0.0011737089201878104
seame_dev_man,encoder,30,global,0.5,0.8356020942408376,1.0,1.0,0.8157276995305164,0,31,,0.23195084485407066,11400,139792.42041015625,1.0,-0.31313131313131315,-0.47120418848167533,-0.49530516431924876
seame_dev_man,encoder,30,oracle_local,0.5,0.8921465968586387,0.6868686868686869,1.0,0.8791079812206573,4,4,,0.815668202764977,2367,28998.432651519775,0.20763157894736842,0.0,-0.5277486910994764,-0.5586854460093896
seame_dev_man,decoder,31,global,0.5,0.39790575916230364,0.5757575757575758,0.6161616161616161,0.36971830985915494,14,3,,0.8878648233486943,911,8043.215002536774,,0.11111111111111105,-0.03350785340314133,-0.049295774647887314
seame_dev_man,decoder,31,oracle_local,0.5,0.36963350785340315,0.6868686868686869,0.7373737373737373,0.323943661971831,2,2,,0.9923195084485407,68,600.741473197937,,0.0,-0.005235602094240843,-0.0035211267605633756
seame_dev_man,encoder,31,global,0.5,0.9068062827225131,1.0,1.1111111111111112,0.8826291079812206,0,31,,0.13978494623655913,11400,147484.87060546875,1.0,-0.31313131313131315,-0.5424083769633508,-0.562206572769953
seame_dev_man,encoder,31,oracle_local,0.5,1.0387434554973822,0.7070707070707071,1.1414141414141414,1.0269953051643192,5,7,,0.837173579109063,2367,30590.69401550293,0.20763157894736842,-0.02020202020202022,-0.6743455497382199,-0.7065727699530516
seame_dev_sge,decoder,0,global,0.5,0.3130034522439586,0.8636363636363636,0.8636363636363636,0.2438391699092088,0,3,,0.9866666666666667,714,738.8838772773743,,-0.03409090909090906,-0.010356731875719227,-0.007782101167315175
seame_dev_sge,decoder,0,oracle_local,0.5,0.30264672036823936,0.8295454545454546,0.8295454545454546,0.23605706874189364,0,0,,0.9983333333333333,38,39.706932067871094,,0.0,0.0,0.0
seame_dev_sge,encoder,0,global,0.5,0.5765247410817032,0.8409090909090909,0.8409090909090909,0.5408560311284046,1,2,,0.8316666666666667,9819,118938.17999267578,1.0,-0.011363636363636354,-0.2738780207134638,-0.304798962386511
seame_dev_sge,encoder,0,oracle_local,0.5,0.3970080552359033,0.8977272727272727,0.8977272727272727,0.3320363164721141,2,8,,0.8466666666666667,2176,26362.956755638123,0.22161116203279357,-0.06818181818181812,-0.09436133486766396,-0.09597924773022048
seame_dev_sge,decoder,1,global,0.5,0.30724971231300346,0.875,0.875,0.23605706874189364,0,4,,0.9883333333333333,716,1164.5192638635635,,-0.045454545454545414,-0.004602991944764101,0.0
seame_dev_sge,decoder,1,oracle_local,0.5,0.3037974683544304,0.8295454545454546,0.8295454545454546,0.23735408560311283,0,0,,0.9966666666666667,38,62.734785199165344,,0.0,-0.0011507479861910253,-0.0012970168612191912
seame_dev_sge,encoder,1,global,0.5,0.6110471806674338,0.8522727272727273,0.8636363636363636,0.5784695201037614,1,3,,0.8066666666666666,9819,103064.93933105469,1.0,-0.022727272727272707,-0.30840046029919443,-0.34241245136186776
seame_dev_sge,encoder,1,oracle_local,0.5,0.4154200230149597,0.8977272727272727,0.9090909090909091,0.35149156939040205,2,8,,0.8383333333333334,2176,22833.323278427124,0.22161116203279357,-0.06818181818181812,-0.11277330264672036,-0.11543450064850841
seame_dev_sge,decoder,2,global,0.5,0.31070195627157654,0.875,0.875,0.23994811932555124,0,4,,0.9866666666666667,703,1332.2265512943268,,-0.045454545454545414,-0.008055235903337177,-0.0038910505836576015
seame_dev_sge,decoder,2,oracle_local,0.5,0.3037974683544304,0.8295454545454546,0.8295454545454546,0.23735408560311283,0,0,,0.9966666666666667,38,73.3986828327179,,0.0,-0.0011507479861910253,-0.0012970168612191912
seame_dev_sge,encoder,2,global,0.5,0.8285385500575374,0.8409090909090909,0.8409090909090909,0.8261997405966277,2,3,,0.835,9819,102492.80487060547,1.0,-0.011363636363636354,-0.525891829689298,-0.590142671854734
seame_dev_sge,encoder,2,oracle_local,0.5,0.6006904487917146,0.9090909090909091,1.0454545454545454,0.5447470817120622,1,8,,0.8466666666666667,2176,22710.47016429901,0.22161116203279357,-0.07954545454545447,-0.29804372842347526,-0.30869001297016857
seame_dev_sge,decoder,3,global,0.5,0.3176064441887227,0.8636363636363636,0.8636363636363636,0.2490272373540856,1,4,,0.98,705,1481.673233628273,,-0.03409090909090906,-0.014959723820483328,-0.012970168612191968
seame_dev_sge,decoder,3,oracle_local,0.5,0.30609896432681244,0.8295454545454546,0.8295454545454546,0.23994811932555124,0,0,,0.9933333333333333,38,81.58241593837738,,0.0,-0.0034522439585730758,-0.0038910505836576015
seame_dev_sge,encoder,3,global,0.5,1.3659378596087457,0.8409090909090909,0.9204545454545454,1.3955901426718547,2,3,,0.8166666666666667,9819,100759.02648925781,1.0,-0.011363636363636354,-1.0632911392405062,-1.159533073929961
seame_dev_sge,encoder,3,oracle_local,0.5,0.5891829689298044,0.8977272727272727,0.8977272727272727,0.5486381322957199,1,7,,0.8466666666666667,2176,22319.421211242676,0.22161116203279357,-0.06818181818181812,-0.286536248561565,-0.31258106355382625
seame_dev_sge,decoder,4,global,0.5,0.3176064441887227,0.875,0.875,0.24773022049286642,0,4,,0.975,703,1525.7005896568298,,-0.045454545454545414,-0.014959723820483328,-0.011673151750972777
seame_dev_sge,decoder,4,oracle_local,0.5,0.30724971231300346,0.8295454545454546,0.8295454545454546,0.24124513618677043,0,0,,0.9916666666666667,38,84.42120957374573,,0.0,-0.004602991944764101,-0.005188067444876793
seame_dev_sge,encoder,4,global,0.5,1.385500575373993,0.8522727272727273,0.9431818181818182,1.416342412451362,3,5,,0.8066666666666666,9819,99650.58874511719,1.0,-0.022727272727272707,-1.0828538550057538,-1.1802853437094682
seame_dev_sge,encoder,4,oracle_local,0.5,0.6006904487917146,0.9090909090909091,1.0454545454545454,0.5447470817120622,1,8,,0.84,2176,22075.824875831604,0.22161116203279357,-0.07954545454545447,-0.29804372842347526,-0.30869001297016857
seame_dev_sge,decoder,5,global,0.5,0.3141542002301496,0.8636363636363636,0.8636363636363636,0.245136186770428,1,4,,0.985,701,1580.1626026630402,,-0.03409090909090906,-0.011507479861910253,-0.009079118028534366
seame_dev_sge,decoder,5,oracle_local,0.5,0.30724971231300346,0.8295454545454546,0.8295454545454546,0.24124513618677043,0,0,,0.9916666666666667,38,87.5144271850586,,0.0,-0.004602991944764101,-0.005188067444876793
seame_dev_sge,encoder,5,global,0.5,1.3647871116225547,0.8636363636363636,1.0454545454545454,1.4072632944228276,2,5,,0.8333333333333334,9819,99402.27655029297,1.0,-0.03409090909090906,-1.0621403912543155,-1.171206225680934
seame_dev_sge,encoder,5,oracle_local,0.5,0.8227848101265823,0.9204545454545454,1.0568181818181819,0.7937743190661478,1,9,,0.8366666666666667,2176,22020.699723243713,0.22161116203279357,-0.09090909090909083,-0.520138089758343,-0.5577172503242542
seame_dev_sge,decoder,6,global,0.5,0.3187571921749137,0.875,0.875,0.2490272373540856,0,4,,0.9733333333333334,709,1687.599469423294,,-0.045454545454545414,-0.016110471806674354,-0.012970168612191968
seame_dev_sge,decoder,6,oracle_local,0.5,0.30264672036823936,0.8295454545454546,0.8295454545454546,0.23605706874189364,0,0,,0.9983333333333333,38,92.40609526634216,,0.0,0.0,0.0
seame_dev_sge,encoder,6,global,0.5,1.333716915995397,0.8636363636363636,1.0340909090909092,1.3735408560311284,2,5,,0.8383333333333334,9819,99453.93710327148,1.0,-0.03409090909090906,-1.0310701956271577,-1.1374837872892347
seame_dev_sge,encoder,6,oracle_local,0.5,0.8250863060989643,0.9090909090909091,1.0454545454545454,0.7976653696498055,2,9,,0.84,2176,22035.39197254181,0.22161116203279357,-0.07954545454545447,-0.5224395857307249,-0.5616083009079118
seame_dev_sge,decoder,7,global,0.5,0.3233601841196778,0.875,0.875,0.25421530479896237,0,4,,0.97,705,1801.3634535074234,,-0.045454545454545414,-0.020713463751438455,-0.018158236057068733
seame_dev_sge,decoder,7,oracle_local,0.5,0.30149597238204834,0.8295454545454546,0.8295454545454546,0.23476005188067445,0,0,,1.0,38,99.63400530815125,,0.0,0.0011507479861910253,0.0012970168612191912
seame_dev_sge,encoder,7,global,0.5,1.5696202531645569,0.8863636363636364,1.1818181818181819,1.6186770428015564,1,6,,0.8166666666666667,9819,98127.0348815918,1.0,-0.05681818181818177,-1.2669735327963174,-1.3826199740596627
seame_dev_sge,encoder,7,oracle_local,0.5,0.6075949367088608,0.9090909090909091,1.0454545454545454,0.5525291828793775,1,8,,0.84,2176,21741.323356628418,0.22161116203279357,-0.07954545454545447,-0.3049482163406214,-0.31647211413748383
seame_dev_sge,decoder,8,global,0.5,0.3222094361334868,0.8522727272727273,0.8522727272727273,0.25551232166018156,2,4,,0.9683333333333334,714,1980.102358341217,,-0.022727272727272707,-0.01956271576524743,-0.019455252918287924
seame_dev_sge,decoder,8,oracle_local,0.5,0.30264672036823936,0.8295454545454546,0.8295454545454546,0.23605706874189364,0,0,,0.9983333333333333,38,107.69194197654724,,0.0,0.0,0.0
seame_dev_sge,encoder,8,global,0.5,1.0817031070195626,0.8977272727272727,1.2159090909090908,1.0687418936446174,0,6,,0.8166666666666667,9819,98788.34100341797,1.0,-0.06818181818181812,-0.7790563866513233,-0.8326848249027237
seame_dev_sge,encoder,8,oracle_local,0.5,0.5972382048331415,0.9318181818181818,0.9318181818181818,0.5538261997405967,0,9,,0.8316666666666667,2176,21885.457149505615,0.22161116203279357,-0.10227272727272718,-0.29459148446490213,-0.317769130998703
seame_dev_sge,decoder,9,global,0.5,0.3222094361334868,0.8522727272727273,0.8522727272727273,0.25551232166018156,2,4,,0.9683333333333334,708,1967.9688637256622,,-0.022727272727272707,-0.01956271576524743,-0.019455252918287924
seame_dev_sge,decoder,9,oracle_local,0.5,0.30609896432681244,0.8295454545454546,0.8295454545454546,0.23994811932555124,0,0,,0.9933333333333333,38,107.87239193916321,,0.0,-0.0034522439585730758,-0.0038910505836576015
seame_dev_sge,encoder,9,global,0.5,1.578826237054085,0.8863636363636364,1.4772727272727273,1.5979247730220494,1,6,,0.805,9819,98711.37271118164,1.0,-0.05681818181818177,-1.2761795166858456,-1.3618677042801557
seame_dev_sge,encoder,9,oracle_local,0.5,0.6064441887226697,0.9204545454545454,0.9204545454545454,0.5654993514915694,0,8,,0.815,2176,21868.768092155457,0.22161116203279357,-0.09090909090909083,-0.30379746835443033,-0.32944228274967574
seame_dev_sge,decoder,10,global,0.5,0.31530494821634064,0.8636363636363636,0.8636363636363636,0.245136186770428,1,4,,0.9783333333333334,704,2036.7272472381592,,-0.03409090909090906,-0.012658227848101278,-0.009079118028534366
seame_dev_sge,decoder,10,oracle_local,0.5,0.3084004602991945,0.8409090909090909,0.8409090909090909,0.23994811932555124,0,1,,0.9933333333333333,38,112.10857105255127,,-0.011363636363636354,-0.005753739930955126,-0.0038910505836576015
seame_dev_sge,encoder,10,global,0.5,1.232451093210587,0.8977272727272727,1.3522727272727273,1.2010376134889753,0,6,,0.8266666666666667,9819,100791.6096496582,1.0,-0.06818181818181812,-0.9298043728423476,-0.9649805447470816
seame_dev_sge,encoder,10,oracle_local,0.5,0.5983889528193326,0.9204545454545454,0.9204545454545454,0.556420233463035,1,9,,0.825,2176,22332.774205207825,0.22161116203279357,-0.09090909090909083,-0.2957422324510932,-0.3203631647211414
seame_dev_sge,decoder,11,global,0.5,0.31990794016110474,0.8636363636363636,0.8636363636363636,0.251621271076524,1,4,,0.97,707,2077.9832277297974,,-0.03409090909090906,-0.01726121979286538,-0.01556420233463035
seame_dev_sge,decoder,11,oracle_local,0.5,0.30724971231300346,0.8409090909090909,0.8409090909090909,0.23865110246433205,0,1,,0.995,38,113.77120447158813,,-0.011363636363636354,-0.004602991944764101,-0.0025940337224384102
seame_dev_sge,encoder,11,global,0.5,0.8377445339470656,0.8977272727272727,0.8977272727272727,0.8300907911802854,0,6,,0.8216666666666667,9819,100673.74423217773,1.0,-0.06818181818181812,-0.5350978135788262,-0.5940337224383918
seame_dev_sge,encoder,11,oracle_local,0.5,0.8216340621403913,0.9204545454545454,0.9204545454545454,0.808041504539559,1,9,,0.8316666666666667,2176,22306.302263259888,0.22161116203279357,-0.09090909090909083,-0.5189873417721519,-0.5719844357976653
seame_dev_sge,decoder,12,global,0.5,0.31185270425776757,0.8636363636363636,0.875,0.23994811932555124,1,4,,0.9766666666666667,723,2208.24827003479,,-0.03409090909090906,-0.009205983889528202,-0.0038910505836576015
seame_dev_sge,decoder,12,oracle_local,0.5,0.3095512082853855,0.8409090909090909,0.8409090909090909,0.24124513618677043,0,1,,0.9933333333333333,38,117.95272898674011,,-0.011363636363636354,-0.0069044879171461515,-0.005188067444876793
seame_dev_sge,encoder,12,global,0.5,1.7249712313003451,0.8977272727272727,1.2840909090909092,1.7859922178988328,0,6,,0.8016666666666666,9819,100267.28448486328,1.0,-0.06818181818181812,-1.4223245109321057,-1.549935149156939
seame_dev_sge,encoder,12,oracle_local,0.5,0.8331415420023015,0.9318181818181818,0.9318181818181818,0.8197146562905318,0,9,,0.8216666666666667,2176,22214.140447616577,0.22161116203279357,-0.10227272727272718,-0.5304948216340621,-0.5836575875486381
seame_dev_sge,decoder,13,global,0.5,0.2945914844649022,0.8295454545454546,0.8295454545454546,0.22697795071335927,3,3,,0.98,724,2325.165651321411,,0.0,0.008055235903337177,0.009079118028534366
seame_dev_sge,decoder,13,oracle_local,0.5,0.3049482163406214,0.8295454545454546,0.8295454545454546,0.23865110246433205,0,0,,0.9966666666666667,38,124.02273511886597,,0.0,-0.0023014959723820505,-0.0025940337224384102
seame_dev_sge,encoder,13,global,0.5,1.1196777905638664,0.9318181818181818,0.9431818181818182,1.1439688715953307,0,9,,0.7083333333333334,9819,99871.59201049805,1.0,-0.10227272727272718,-0.817031070195627,-0.907911802853437
seame_dev_sge,encoder,13,oracle_local,0.5,0.8481012658227848,0.9204545454545454,0.9204545454545454,0.8378728923476005,1,9,,0.7916666666666666,2176,22119.734466552734,0.22161116203279357,-0.09090909090909083,-0.5454545454545454,-0.601815823605707
seame_dev_sge,decoder,14,global,0.5,0.2957422324510932,0.8181818181818182,0.8181818181818182,0.22957198443579765,4,3,,0.9783333333333334,727,2384.376302242279,,0.011363636363636354,0.0069044879171461515,0.006485084306095984
seame_dev_sge,decoder,14,oracle_local,0.5,0.3037974683544304,0.8295454545454546,0.8295454545454546,0.23735408560311283,0,0,,0.9983333333333333,38,126.50748229026794,,0.0,-0.0011507479861910253,-0.0012970168612191912
seame_dev_sge,encoder,14,global,0.5,1.4936708860759493,0.9772727272727273,0.9772727272727273,1.5590142671854734,0,13,,0.48833333333333334,9819,99203.28518676758,1.0,-0.1477272727272727,-1.1910241657077099,-1.3229571984435797
seame_dev_sge,encoder,14,oracle_local,0.5,0.6823935558112774,0.9318181818181818,0.9318181818181818,0.6498054474708171,0,9,,0.77,2176,21970.25522994995,0.22161116203279357,-0.10227272727272718,-0.379746835443038,-0.4137483787289235
seame_dev_sge,decoder,15,global,0.5,0.29228998849252014,0.8068181818181818,0.8068181818181818,0.22697795071335927,2,0,,0.985,716,2326.1993248462677,,0.022727272727272818,0.010356731875719227,0.009079118028534366
seame_dev_sge,decoder,15,oracle_local,0.5,0.3003452243958573,0.8295454545454546,0.8295454545454546,0.23346303501945526,0,0,,1.0,38,125.17231130599976,,0.0,0.0023014959723820505,0.0025940337224383825
seame_dev_sge,encoder,15,global,0.5,2.2508630609896434,0.9545454545454546,1.1818181818181819,2.391699092088197,2,13,,0.5916666666666667,9819,100207.53659057617,1.0,-0.125,-1.948216340621404,-2.1556420233463034
seame_dev_sge,encoder,15,oracle_local,0.5,0.6467203682393556,0.9431818181818182,0.9431818181818182,0.6083009079118028,0,10,,0.82,2176,22198.50128555298,0.22161116203279357,-0.11363636363636365,-0.3440736478711163,-0.37224383916990916
seame_dev_sge,decoder,16,global,0.5,0.2899884925201381,0.7954545454545454,0.7954545454545454,0.22568093385214008,3,0,,0.99,718,2451.891417980194,,0.03409090909090917,0.012658227848101278,0.010376134889753558
seame_dev_sge,decoder,16,oracle_local,0.5,0.30264672036823936,0.8295454545454546,0.8295454545454546,0.23605706874189364,0,0,,1.0,38,131.43280267715454,,0.0,0.0,0.0
seame_dev_sge,encoder,16,global,0.5,1.5926352128883774,0.9545454545454546,1.1818181818181819,1.6472114137483787,0,11,,0.56,9819,101827.41305541992,1.0,-0.125,-1.2899884925201381,-1.411154345006485
seame_dev_sge,encoder,16,oracle_local,0.5,0.8607594936708861,0.9204545454545454,0.9204545454545454,0.8521400778210116,2,10,,0.825,2176,22561.744436264038,0.22161116203279357,-0.09090909090909083,-0.5581127733026467,-0.6160830090791181
seame_dev_sge,decoder,17,global,0.5,0.285385500575374,0.7840909090909091,0.7840909090909091,0.22178988326848248,4,0,,0.9866666666666667,714,2481.1745557785034,,0.045454545454545525,0.01726121979286538,0.01426718547341116
seame_dev_sge,decoder,17,oracle_local,0.5,0.30609896432681244,0.8409090909090909,0.8409090909090909,0.23735408560311283,0,1,,0.9983333333333333,38,133.2494978904724,,-0.011363636363636354,-0.0034522439585730758,-0.0012970168612191912
seame_dev_sge,encoder,17,global,0.5,1.234752589182969,0.9431818181818182,1.1704545454545454,1.2477302204928664,2,12,,0.4633333333333333,9819,101997.05703735352,1.0,-0.11363636363636365,-0.9321058688147296,-1.0116731517509727
seame_dev_sge,encoder,17,oracle_local,0.5,0.669735327963176,0.9431818181818182,0.9431818181818182,0.6342412451361867,0,10,,0.805,2176,22598.62428665161,0.22161116203279357,-0.11363636363636365,-0.36708860759493667,-0.3981841763942931
seame_dev_sge,decoder,18,global,0.5,0.3084004602991945,0.8068181818181818,0.8068181818181818,0.245136186770428,2,0,,0.9783333333333334,697,2412.26478266716,,0.022727272727272818,-0.005753739930955126,-0.009079118028534366
seame_dev_sge,decoder,18,oracle_local,0.5,0.30149597238204834,0.8295454545454546,0.8295454545454546,0.23476005188067445,0,0,,0.9983333333333333,38,132.661860704422,,0.0,0.0011507479861910253,0.0012970168612191912
seame_dev_sge,encoder,18,global,0.5,1.048331415420023,0.9659090909090909,0.9659090909090909,1.0583657587548638,0,12,,0.395,9819,102498.72219848633,1.0,-0.13636363636363635,-0.7456846950517836,-0.8223086900129701
seame_dev_sge,encoder,18,oracle_local,0.5,0.6524741081703107,0.9318181818181818,0.9318181818181818,0.6160830090791181,0,9,,0.8116666666666666,2176,22711.252702713013,0.22161116203279357,-0.10227272727272718,-0.34982738780207134,-0.3800259403372244
seame_dev_sge,decoder,19,global,0.5,0.30264672036823936,0.8181818181818182,0.8181818181818182,0.23735408560311283,1,0,,0.9883333333333333,707,2510.6651215553284,,0.011363636363636354,0.0,-0.0012970168612191912
seame_dev_sge,decoder,19,oracle_local,0.5,0.3084004602991945,0.8295454545454546,0.8295454545454546,0.24254215304798962,0,0,,0.9916666666666667,38,135.59032797813416,,0.0,-0.005753739930955126,-0.006485084306095984
seame_dev_sge,encoder,19,global,0.5,1.7054085155350978,1.0,1.0,1.7950713359273671,0,15,,0.2783333333333333,9819,101699.58947753906,1.0,-0.17045454545454541,-1.4027617951668585,-1.5590142671854734
seame_dev_sge,encoder,19,oracle_local,0.5,0.41196777905638665,0.9090909090909091,0.9090909090909091,0.3476005188067445,2,9,,0.8233333333333334,2176,22534.591024398804,0.22161116203279357,-0.07954545454545447,-0.10932105868814729,-0.11154345006485084
seame_dev_sge,decoder,20,global,0.5,0.2991944764096663,0.7954545454545454,0.7954545454545454,0.23605706874189364,3,0,,0.9816666666666667,686,2469.489928483963,,0.03409090909090917,0.0034522439585730758,0.0
seame_dev_sge,decoder,20,oracle_local,0.5,0.30724971231300346,0.8295454545454546,0.8295454545454546,0.24124513618677043,0,0,,0.9933333333333333,38,137.57014274597168,,0.0,-0.004602991944764101,-0.005188067444876793
seame_dev_sge,encoder,20,global,0.5,1.097813578826237,0.9886363636363636,0.9886363636363636,1.111543450064851,1,15,,0.15333333333333332,9819,102696.71774291992,1.0,-0.15909090909090906,-0.7951668584579977,-0.8754863813229572
seame_dev_sge,encoder,20,oracle_local,0.5,0.42692750287687,0.9090909090909091,0.9090909090909091,0.364461738002594,2,9,,0.7966666666666666,2176,22756.70694732666,0.22161116203279357,-0.07954545454545447,-0.12428078250863062,-0.12840466926070038
seame_dev_sge,decoder,21,global,0.5,0.29344073647871116,0.8068181818181818,0.8068181818181818,0.22827496757457846,2,0,,0.9633333333333334,708,2680.1686284542084,,0.022727272727272818,0.009205983889528202,0.007782101167315175
seame_dev_sge,decoder,21,oracle_local,0.5,0.3037974683544304,0.8295454545454546,0.8295454545454546,0.23735408560311283,0,0,,0.9983333333333333,38,144.2694537639618,,0.0,-0.0011507479861910253,-0.0012970168612191912
seame_dev_sge,encoder,21,global,0.5,1.2036823935558112,1.0,1.0,1.2295719844357977,0,15,,0.27666666666666667,9819,113612.16107177734,1.0,-0.17045454545454541,-0.9010356731875718,-0.993514915693904
seame_dev_sge,encoder,21,oracle_local,0.5,0.3970080552359033,0.9204545454545454,0.9204545454545454,0.32944228274967574,1,9,,0.8583333333333333,2176,25185.561115264893,0.22161116203279357,-0.09090909090909083,-0.09436133486766396,-0.0933852140077821
seame_dev_sge,decoder,22,global,0.5,0.3141542002301496,0.7727272727272727,0.7727272727272727,0.25551232166018156,5,0,,0.945,697,2678.737277984619,,0.05681818181818188,-0.011507479861910253,-0.019455252918287924
seame_dev_sge,decoder,22,oracle_local,0.5,0.30264672036823936,0.8295454545454546,0.8295454545454546,0.23605706874189364,0,0,,1.0,38,146.25266671180725,,0.0,0.0,0.0
seame_dev_sge,encoder,22,global,0.5,1.3889528193325662,1.0,1.0,1.4383916990920882,0,15,,0.35333333333333333,9819,113777.0492553711,1.0,-0.17045454545454541,-1.086306098964327,-1.2023346303501945
seame_dev_sge,encoder,22,oracle_local,0.5,0.380897583429229,0.9204545454545454,0.9204545454545454,0.311284046692607,1,9,,0.8883333333333333,2176,25219.683256149292,0.22161116203279357,-0.09090909090909083,-0.07825086306098966,-0.07522697795071337
seame_dev_sge,decoder,23,global,0.5,0.3037974683544304,0.7727272727272727,0.7727272727272727,0.2438391699092088,5,0,,0.9466666666666667,695,2756.361449956894,,0.05681818181818188,-0.0011507479861910253,-0.007782101167315175
seame_dev_sge,decoder,23,oracle_local,0.5,0.3084004602991945,0.8295454545454546,0.8295454545454546,0.24254215304798962,0,0,,0.9916666666666667,38,151.18394494056702,,0.0,-0.005753739930955126,-0.006485084306095984
seame_dev_sge,encoder,23,global,0.5,1.6777905638665132,1.0,1.0,1.7639429312581063,0,15,,0.18166666666666667,9819,113462.90655517578,1.0,-0.17045454545454541,-1.375143843498274,-1.5278858625162126
seame_dev_sge,encoder,23,oracle_local,0.5,0.5350978135788262,0.8863636363636364,0.8863636363636364,0.4889753566796368,3,8,,0.8483333333333334,2176,25153.43973350525,0.22161116203279357,-0.05681818181818177,-0.23245109321058688,-0.2529182879377432
seame_dev_sge,decoder,24,global,0.5,0.3302646720368239,0.7386363636363636,0.7386363636363636,0.2775616083009079,8,0,,0.9166666666666666,690,2876.9163823127747,,0.09090909090909094,-0.02761795166858455,-0.041504539559014286
seame_dev_sge,decoder,24,oracle_local,0.5,0.30724971231300346,0.8295454545454546,0.8295454545454546,0.24124513618677043,0,0,,0.99,38,158.62409496307373,,0.0,-0.004602991944764101,-0.005188067444876793
seame_dev_sge,encoder,24,global,0.5,1.5362485615650172,0.9659090909090909,1.0,1.6044098573281453,1,13,,0.12166666666666667,9819,113639.33410644531,1.0,-0.13636363636363635,-1.2336018411967777,-1.3683527885862516
seame_dev_sge,encoder,24,oracle_local,0.5,0.39355581127733025,0.8863636363636364,0.8863636363636364,0.32944228274967574,2,7,,0.8633333333333333,2176,25189.109080314636,0.22161116203279357,-0.05681818181818177,-0.09090909090909088,-0.0933852140077821
seame_dev_sge,decoder,25,global,0.5,0.33601841196777904,0.7613636363636364,0.7727272727272727,0.27626459143968873,6,0,,0.91,703,3187.4279956817627,,0.06818181818181823,-0.03337169159953968,-0.040207522697795095
seame_dev_sge,decoder,25,oracle_local,0.5,0.3084004602991945,0.8295454545454546,0.8295454545454546,0.24254215304798962,0,0,,0.9883333333333333,38,172.41868257522583,,0.0,-0.005753739930955126,-0.006485084306095984
seame_dev_sge,encoder,25,global,0.5,1.433831990794016,0.9431818181818182,0.9431818181818182,1.4954604409857328,2,12,,0.16166666666666665,9819,113576.19122314453,1.0,-0.11363636363636365,-1.1311852704257768,-1.2594033722438391
seame_dev_sge,encoder,25,oracle_local,0.5,0.4016110471806674,0.8863636363636364,0.8863636363636364,0.33852140077821014,2,7,,0.855,2176,25168.79602622986,0.22161116203279357,-0.05681818181818177,-0.09896432681242806,-0.1024643320363165
seame_dev_sge,decoder,26,global,0.5,0.3578826237054085,0.75,0.7954545454545454,0.3022049286640726,7,0,,0.8816666666666667,731,3651.7804367542267,,0.07954545454545459,-0.05523590333716916,-0.06614785992217898
seame_dev_sge,decoder,26,oracle_local,0.5,0.3049482163406214,0.8295454545454546,0.8522727272727273,0.23605706874189364,0,0,,0.9916666666666667,38,190.28089475631714,,0.0,-0.0023014959723820505,0.0
seame_dev_sge,encoder,26,global,0.5,0.9090909090909091,0.9545454545454546,0.9545454545454546,0.9027237354085603,2,13,,0.12,9819,114331.60607910156,1.0,-0.125,-0.6064441887226697,-0.6666666666666667
seame_dev_sge,encoder,26,oracle_local,0.5,0.6743383199079401,0.8977272727272727,0.8977272727272727,0.6446173800259404,1,7,,0.86,2176,25335.895908355713,0.22161116203279357,-0.06818181818181812,-0.37169159953970077,-0.40856031128404674
seame_dev_sge,decoder,27,global,0.5,0.3693901035673188,0.7613636363636364,0.7727272727272727,0.31776913099870296,7,1,,0.875,722,4251.957905292511,,0.06818181818181823,-0.06674338319907941,-0.08171206225680933
seame_dev_sge,decoder,27,oracle_local,0.5,0.2991944764096663,0.8295454545454546,0.8295454545454546,0.23086900129701687,0,0,,0.9983333333333333,38,224.15753841400146,,0.0,0.0034522439585730758,0.005188067444876765
seame_dev_sge,encoder,27,global,0.5,0.8504027617951668,0.9886363636363636,0.9886363636363636,0.8326848249027238,1,15,,0.19333333333333333,9819,114334.19445800781,1.0,-0.15909090909090906,-0.5477560414269275,-0.5966277561608302
seame_dev_sge,encoder,27,oracle_local,0.5,0.38204833141542005,0.9090909090909091,0.9090909090909091,0.3138780804150454,0,7,,0.8866666666666667,2176,25340.817806243896,0.22161116203279357,-0.07954545454545447,-0.07940161104718069,-0.07782101167315175
seame_dev_sge,decoder,28,global,0.5,0.5385500575373993,0.7613636363636364,0.8409090909090909,0.5006485084306096,8,2,,0.8416666666666667,893,6110.568161487579,,0.06818181818181823,-0.2359033371691599,-0.26459143968871596
seame_dev_sge,decoder,28,oracle_local,0.5,0.30149597238204834,0.8295454545454546,0.8295454545454546,0.23476005188067445,0,0,,0.9983333333333333,38,261.38549041748047,,0.0,0.0011507479861910253,0.0012970168612191912
seame_dev_sge,encoder,28,global,0.5,1.2048331415420024,0.9204545454545454,2.284090909090909,1.086900129701686,3,11,,0.3416666666666667,9819,116036.23986816406,1.0,-0.09090909090909083,-0.902186421173763,-0.8508430609597923
seame_dev_sge,encoder,28,oracle_local,0.5,0.383199079401611,0.8977272727272727,0.8977272727272727,0.3164721141374838,0,6,,0.8816666666666667,2176,25710.308966636658,0.22161116203279357,-0.06818181818181812,-0.08055235903337166,-0.08041504539559013
seame_dev_sge,decoder,29,global,0.5,0.3751438434982739,0.7954545454545454,0.8181818181818182,0.31906614785992216,5,2,,0.86,710,5402.264555454254,,0.03409090909090917,-0.07249712313003454,-0.08300907911802852
seame_dev_sge,decoder,29,oracle_local,0.5,0.30264672036823936,0.8295454545454546,0.8295454545454546,0.23086900129701687,0,0,,0.9983333333333333,38,289.57950735092163,,0.0,0.0,0.005188067444876765
seame_dev_sge,encoder,29,global,0.5,1.0310701956271577,0.9772727272727273,1.0340909090909092,1.0311284046692606,2,15,,0.21166666666666667,9819,117433.46826171875,1.0,-0.1477272727272727,-0.7284234752589184,-0.7950713359273669
seame_dev_sge,encoder,29,oracle_local,0.5,0.6409666283084005,0.9204545454545454,0.9204545454545454,0.6044098573281452,0,8,,0.8583333333333333,2176,26022.280809402466,0.22161116203279357,-0.09090909090909083,-0.3383199079401611,-0.3683527885862516
seame_dev_sge,decoder,30,global,0.5,0.3762945914844649,0.7954545454545454,0.8068181818181818,0.3216601815823606,5,2,,0.8733333333333333,704,5697.068566799164,,0.03409090909090917,-0.07364787111622556,-0.08560311284046696
seame_dev_sge,decoder,30,oracle_local,0.5,0.3003452243958573,0.8295454545454546,0.8522727272727273,0.23086900129701687,0,0,,0.9983333333333333,38,308.1100115776062,,0.0,0.0023014959723820505,0.005188067444876765
seame_dev_sge,encoder,30,global,0.5,0.9861910241657077,0.9772727272727273,0.9772727272727273,0.9870298313878081,1,14,,0.2633333333333333,9819,120676.55303955078,1.0,-0.1477272727272727,-0.6835443037974683,-0.7509727626459144
seame_dev_sge,encoder,30,oracle_local,0.5,0.903337169159954,0.9090909090909091,0.9090909090909091,0.9014267185473411,0,7,,0.85,2176,26735.32871246338,0.22161116203279357,-0.07954545454545447,-0.6006904487917146,-0.6653696498054475
seame_dev_sge,decoder,31,global,0.5,0.34637514384349827,0.7840909090909091,0.7840909090909091,0.2905317769130999,5,1,,0.905,721,6442.672706604004,,0.045454545454545525,-0.043728423475258904,-0.054474708171206254
seame_dev_sge,decoder,31,oracle_local,0.5,0.3003452243958573,0.8295454545454546,0.8295454545454546,0.23346303501945526,0,0,,1.0,38,340.8937931060791,,0.0,0.0023014959723820505,0.0025940337224383825
seame_dev_sge,encoder,31,global,0.5,0.8780207134637514,0.9545454545454546,0.9545454545454546,0.867704280155642,4,15,,0.16,9819,127303.67852783203,1.0,-0.125,-0.5753739930955121,-0.6316472114137484
seame_dev_sge,encoder,31,oracle_local,0.5,0.6754890678941312,0.8977272727272727,0.9090909090909091,0.6446173800259404,2,8,,0.8066666666666666,2176,28201.045699119568,0.22161116203279357,-0.06818181818181812,-0.37284234752589185,-0.40856031128404674
