model,layer,raw_norm,conditioning_norm,raw_l2,unit_l2,cosine,angle_degrees,raw_hash,conditioning_hash
whisper,0,1.0,1.0,1.4464264834048313,1.4464264834048313,-0.04607478594743321,92.64082570131573,sha256:d4b449192b238a7117c7b006d8d9b48ef17ed194d07dcce508ed8f1571d9d426,sha256:9d6bc0ce1b8d208ee64a9293c7ea588e063411dc81d3348defbd166ffed26ed6
whisper,1,1.0,1.0,1.447359459371046,1.447359459371046,-0.04742470231542284,92.71825487632721,sha256:c332039d2119e3dae3a58e4d1009fab8c909201fda128102506c1ccbbb10de4b,sha256:2aea3b5183ce841c8e62f4ad9fc3c4f6ffb8ae4cd142895f741ae754a060b3a1
whisper,2,1.0,0.9999999999999999,1.4034055663594147,1.403405566359415,0.01522640815570516,89.12755736162653,sha256:ffe49f87774dc23dbdc848159346c98c7427af7a3959108d893763e52a04fae3,sha256:f6859258580767fbe4881422cf803dd71ce528fa54dc3b5d4a9dbe52b8153d4c
whisper,3,1.0,1.0,1.4143563900441702,1.4143563900441702,-0.00020199902938851984,90.0115736919284,sha256:7dde82b06079325f6006a322070c72f25f7a72e805d7d6417b06e108c9e93082,sha256:a38a4f01d71c6595291cc1d7afc6b21e9ce977e912fd02d5aada6cd5acbb56ee
whisper,4,1.0,0.9999999999999999,1.3987687006911096,1.3987687006911096,0.02172306098345261,88.75526237762521,sha256:62f661a76dd3fdcfc244e175cd552be7a3ea72e43941e61b9bf6b4c79fb7e1f9,sha256:6218e8d65f29adbfd297d8f5e813ec31ab569e600e47743d50cfa4fb1d7d8783
whisper,5,1.0,1.0,1.3960192558910174,1.3960192558910174,0.025565118590745128,88.53506699843754,sha256:0f3298993b1371654e7e6ef274e293f17143eb6de384ddbdc97b75c542866ae6,sha256:0177c5c1794b753f37b9e53436d912f700a448a096757836b26ebd8013e12f91
whisper,6,0.9999999999999999,1.0,1.376634591004543,1.376634591004543,0.05243860142487741,86.99411077746238,sha256:992f0ae2722b8bad15506b2058d25617e59352b8d7ee04d1786f83fd50f096c8,sha256:261719fbd0fc0ecc2e104675ea85933f2418f7d962772620430d5142e8ed0828
whisper,7,0.9999999999999999,1.0,1.3626104698999004,1.3626104698999006,0.07164635365958615,85.89144618729156,sha256:67366cc78ace0382f54e4d84fe541d33b71298b99f2bb1013cfe993eced90a2a,sha256:eea3aeb570e82b45f4e5dc47b85e583ee65fce012ce609b4c6048e6d0ae2eff9
whisper,8,1.0,0.9999999999999999,1.332220015288663,1.332220015288663,0.11259491543213734,83.53507719527275,sha256:bb5ae65237c700691e2d54840bc3f54c20e38370e70a3e0ded42a3fe70fa4f47,sha256:7c7632a85f356a21ab877d5a7c265dffb8ac0b4fc869e8416c81043509458dd4
whisper,9,0.9999999999999999,1.0,1.3414955871297427,1.3414955871297427,0.10019479485571357,84.24961226253171,sha256:327923e7aff26a959f25e3fea2cfaba0546baedf5edc8ac8259cf2358b3189bd,sha256:da8ec87095097e53073f4cb6611ae537f55971758a4912e98eb000128df564dc
whisper,10,1.0,1.0,1.3561659367923167,1.3561659367923167,0.08040697594210923,85.38804089873946,sha256:134997c53a8719b2903cb5b3ca635dd70100a77481a14e9b12f7e949b060ee4e,sha256:83dde49d773c2d1b4189552351cb118b9a6bb4b547eaee95695a3072091d93eb
whisper,11,1.0,1.0,1.3735618821088162,1.3735618821088162,0.0566638780088433,86.75165906241983,sha256:9427702d2357f2d6c14aafdef6c24820bf59fb3d50141a5c8f0ed9d8b09ae1b3,sha256:24d6dc7b292abd72ef643ee634b2f17e247c2e1bb68bf551c6fc4aada0f95ad1
whisper,12,1.0,0.9999999999999999,1.3739117147161597,1.3739117147161597,0.056183300082850725,86.77923808515466,sha256:00a5d714125e9689335607f8c4f4f2b14d60a5ad81394fdcab32f4c490d8b07b,sha256:2a8ecb3e761c82a16095d08c5e3c51d29e8241aa8c043d40abaf55135c76fb1b
whisper,13,1.0,0.9999999999999999,1.3973325633373896,1.3973325633373896,0.023730853718479973,88.64019458747387,sha256:04216c3f7cf9ca59e90df84a6074a8e2bdb93cebe6c2a666b7b174ceb5d02141,sha256:d169406b68746071c4634cab82fa37a4d91714505bc4f703baff574bd649b543
whisper,14,1.0,1.0,1.4233278236272275,1.4233278236272275,-0.012931046755709746,90.7409150530778,sha256:dd60e88f84706bd40e708c184e28a9eacb9702bfa793237bbbd210b41a18455f,sha256:2786005187d2b45a562ef66520bfe03723bf1f4c3894c8d7ef7950ce53f0eff1
whisper,15,1.0,1.0,1.4162273678816253,1.4162273678816253,-0.0028499787684579496,90.16329197618826,sha256:0871b952142804d60823e2d0758260985dd9914567981c38b2af389ebd2a8c72,sha256:d0b4cb78d3f798950d59ff8359b5d9943e2a78374e93406734e9dfb8f57d764b
whisper,16,0.9999999999999999,1.0,1.417712129181197,1.4177121291811972,-0.004953840613741634,90.28383532046783,sha256:a1ea53941791e388149694f136686b6b3f6eecb8b0ba8e98b9ec9a8b6fb63e1b,sha256:6ced279ff26c04c2592148b86950d037116c8ea8fec45d08e87747c4e00f48c6
whisper,17,1.0,1.0,1.422921210988119,1.422921210988119,-0.012352386339947511,90.7077576034189,sha256:2e8b8448086e69ccfdab9871af32e6bc0c5657c6801690c764ca116b5c3cb5de,sha256:a39663bbeebf5c69186e7c392da4cbcf3989fc8c31d0a95ebc4d6456563b803f
whisper,18,0.9999999999999999,1.0,1.4740239713289292,1.4740239713289292,-0.08637333402615392,94.9550015853025,sha256:b55c368cd37a2e54a4032c3c2397a5c90bc875ba6dba4fb824e343b468c517d1,sha256:019361da4889af5cdb54dd3f9df1a028eb5195cc551f8fc1bfeb8f392b02b4ba
whisper,19,0.9999999999999999,1.0,1.4574211761743867,1.4574211761743867,-0.06203824238076644,93.5568134935461,sha256:dcd5d992ccc4bd9d56a57de8299d9a496b22f76263e81a740bd8812f9d5a6fed,sha256:1e2f6574f1c546ba9d83693d86ada2750a20b565e64e68a061b9722eeb90399a
whisper,20,1.0,1.0,1.445671870392189,1.445671870392189,-0.04498357842162474,92.57823921076569,sha256:edb01e78c59551cebd21c62537d7a034825fc1676527d4fcfb1a6eeed4cb0411,sha256:af3cc15c05e88af5f22f6feed8a830f1d94aaca10db377326f5e086abd2f0a25
whisper,21,0.9999999999999999,0.9999999999999999,1.4280163606005336,1.4280163606005338,-0.01961536307139689,91.12394960107059,sha256:60b7b976e2b7f157f2e5c6f7557f5000be22d7dbed897424c37c0763aed6c8a4,sha256:bdf28d5e980c608e86505fb4fe47d18ec574355ac1ea7d750e3ec22ceeb457ec
whisper,22,1.0,1.0,1.4343541644653468,1.4343541644653468,-0.028685934559541416,91.64380847786653,sha256:7aea99df93d99464a22d1e68b2d4f2140d18a5633a62c1c535fcd082e9583e34,sha256:a569881f3aa6a42ebd978099406b32037a6a6775d848a50828a3a827536d9bae
whisper,23,1.0,1.0,1.420714985324247,1.420714985324247,-0.00921553476243741,90.52801872178372,sha256:de59e2dc29db9b20b3bf153d0e0d1e8bb59a344770edd991e37c0ca9736d339a,sha256:bbca6c3c5911baf5ed9ce4a05090bbd87e8914fedbe3fa4bd1ad5c22ee525410
whisper,24,0.9999999999999999,0.9999999999999999,1.4743760050618897,1.47437600506189,-0.08689230215112904,94.98484848400237,sha256:630b94f97e9a509e62679a8e4d43eefdf2b5d0b600b408671779106745bb5bcf,sha256:9b0af6716849fb33642e8927541b95e72e07b360bd638cfbc2cea5cfb4e7d121
whisper,25,0.9999999999999999,1.0,1.4394158967243003,1.4394158967243003,-0.035959061871310614,92.06074675280729,sha256:78bb99448328af4190f6eb520ee2c7d9b342cff6026bdaa970b76bc895528e7b,sha256:581dc317e77eccdaa63a6d84551b2f4539c85d7cdbfad78dbed0fe752d74cf32
whisper,26,0.9999999999999999,1.0000000000000002,1.3861367040087655,1.3861367040087653,0.03931251889985814,87.74697799948255,sha256:4e311a8d2866841587f135f62f0048e7bf0c0f2ebc8111854055ef321880c68e,sha256:82fddbb72e35f99c17c4fad65856b25ffe5dbadcf3269b083deabed3ab9aeb05
whisper,27,1.0,1.0,1.4080998774338829,1.4080998774338829,0.00862736758534218,89.50568211678802,sha256:e0ec39cd2bdaebd077cfc825da205f0c17aad53d99d8cb1707acd7f18e6a8894,sha256:1050b47e99d691da47769a689a44a240063b144a74acd031d949f8903e260aa4
whisper,28,1.0,1.0,1.3745127543408737,1.3745127543408737,0.055357344077132324,86.82663564811665,sha256:e44b318841e2dedeb0dfb6e4a2b67189b81c5c298eabb64b9f85c8295a065cdd,sha256:fe72aa101de35b997627b6dcc8baac00e6fb01b69ca942c244301009c82d325d
whisper,29,0.9999999999999999,0.9999999999999999,1.3552409525135178,1.355240952513518,0.0816609803151264,85.31595466870819,sha256:1d04631e864199567020684a276d61e6b4cdec24f41c4317c4b8fb1040dd36dc,sha256:db7e0defcbfd7fa9e675207ad30d5c45b42644433546e1c4c5f42dc097c20c93
whisper,30,0.9999999999999999,0.9999999999999999,1.3273955239843658,1.327395523984366,0.11901056145313535,83.16499727834058,sha256:2bb301dbe07e7dccfa72ee6d2799df55198948cc9b25e4721bd586d916246b5b,sha256:2832c70b36566d28ec9424c6f844d93b8d9d4fd525119d10f08593210542671e
whisper,31,1.0,1.0,1.3059604970121321,1.3059604970121321,0.1472335901219124,81.53335707882835,sha256:7cf5e67f38d5f95005722b9b6d04e381af4afeaaa4140a083de8cf21f183c65f,sha256:a896d2f5623317130493e89da24abefbc21df69c5550c7371d8c16108925c403
qwen3_asr_1p7b,0,0.9999999835866497,0.9999999880375332,1.4063313424371096,1.4063313623900107,0.011116049579128488,89.36308415688207,sha256:f426db6ae9ad1769d7bb0ad4d7bfefd8dcb5e82e6ce2214d9599c34b3655d91d,sha256:654d850c6e11efeece0851bc6f4d0733adbc06550a67667c9fa56fb5dbdf26ed
qwen3_asr_1p7b,1,1.0000000061862766,1.0000000251038461,1.4149419548169815,1.4149419326801282,-0.0010303364282883316,90.05903393926451,sha256:5c79d6b3898462f69ad708dbaf62a08e3e5f01b7cd9746431eee5d18929d1d43,sha256:9dffa611528d4ffb0b4bf5bb1f65de8ef03efae1eb1b7f591ab0d966dce8a565
qwen3_asr_1p7b,2,1.000000015826737,1.0000000052092153,1.411263299994829,1.4112632851511953,0.004167969992128168,89.7611922188834,sha256:65c4d0afd95f92b8c3e37754705140ac42cdbed5d5a05cac42e53f58af745bbf,sha256:0c14a5ad2c12ba0497702c8a6be5c2893261dfc0d92888e7e1530a68f8ac8849
qwen3_asr_1p7b,3,0.9999999582927113,1.0000000168109056,1.459947504673657,1.459947522847363,-0.06572338473407552,93.76838885400323,sha256:b7acb3fc98dabdb3bd9d34c9cdff8020ff2f5382d104157e63017f9230ae86ed,sha256:3e6796835e963d7f1b68b6dbade7577d2239228cfa4ba2e801bece4bb33574a7
qwen3_asr_1p7b,4,0.9999999537747722,1.0000000315323174,1.4610112220089093,1.4610112327421618,-0.0672769110993857,93.85759683664406,sha256:13bce06c6a4680e29a2720622270a1b7b43ac8ea795f916eb00e6093701ddfed,sha256:6a5aec94b74e425b23368468ba89232363b4f820894ac0cef47988610d5e8575
qwen3_asr_1p7b,5,1.0000000277476677,1.0000000297349665,1.4535220612013813,1.4535220194252438,-0.05636313047701947,93.23108179027423,sha256:9c84d37cd9a879e2e34f2af75819734d00bac41cbbde9db2ef005606c40d59f1,sha256:9276cb98f4c8a9281e336b1a093d4f6970504c62e4f07c1f39e7c6dd85bd2be3
qwen3_asr_1p7b,6,0.9999999722645428,0.9999999958202128,1.45301904165316,1.4530190648398893,-0.05563220139409308,93.18913682189131,sha256:7c392c664b2cdd9140989523d06ab6b5f75f0fed52b5762068f090591af6ee14,sha256:fa5b7e3388525c21a18542220e1fcbebafd4fda77d3988124c4611793e0a05d2
qwen3_asr_1p7b,7,0.9999999891467376,1.000000037982359,1.4393832616329438,1.43938324210836,-0.035912058831186866,92.05805193642647,sha256:37b7b9a7838e058febab579614f7658b437100312ebc969d84a9384d8317b7fd,sha256:0db3f1319aa39d75929a7d57d900679a8568d452f8f1a46c80e11a974b1256fd
qwen3_asr_1p7b,8,1.0000000031374,0.9999999817372321,1.4441517287492969,1.4441517396709602,-0.042787123597329835,92.45227023214609,sha256:44286bb6831835495ab3e1faa6bf3d28dbca200d87e8d42780f77437872bf9aa,sha256:a168cc09322010e0d767db92c092f973b0916d567d504187fb8d47d436714a95
qwen3_asr_1p7b,9,1.0000000413684615,1.0000000041194268,1.453116614131999,1.4531165810823965,-0.05577389910829649,93.19726812771852,sha256:bdffe33e83b9863cbe553b1184b538584b431a0e9f9359cc8d26ff00dc3ace03,sha256:1d17ccee34d34bc7f7cccf9ce9bf15a325ba90ad90bad467ad7130a10283a383
qwen3_asr_1p7b,10,1.0000000619192317,1.0000000239304911,1.4428002843324048,1.4428002224004053,-0.04083624087932915,92.34039503440366,sha256:5c4c5b2c2fce403b8020db00187542c02214692089d227089fd9b1c91d78674d,sha256:46259f97588ebb98b759edbbbe639f1769b731b34288c6099ea655e654ec7b66
qwen3_asr_1p7b,11,0.9999999413010275,0.999999971947154,1.4091359631131615,1.4091360242357176,0.007167832600577823,89.58930992695235,sha256:730ab8fdbfcde73922984ea9a80277938d5570620b32c65ff29c40cbba30987c,sha256:59b71fff77d4329e89b15767a59e76a5a752fabbf3f55f30738f47955bc32404
qwen3_asr_1p7b,12,1.0000000233297486,0.9999999592772431,1.4121062158064888,1.4121062280868757,0.00297800029912846,89.82937289926994,sha256:0c149ebda36714f90e08c826dd5fcb2467d1a4e9cf943f3aec22d5fc287e8636,sha256:6c860095b53b98a0bbd75d709d7d3f829b9a157414404b29bf44a050cd44541e
qwen3_asr_1p7b,13,0.999999990469489,1.0000000415804422,1.427686060278528,1.4276860373999078,-0.019143710693325475,91.09692083413327,sha256:a85173de74d302e61a620cf22ffa70fe07a754544bfd5f6445da25eb1cbd8948,sha256:f0b53faea022741a0ab588a610d236b8c240f40ede2a81071551dfbe9eceb840
qwen3_asr_1p7b,14,1.000000019138846,1.0000000318348072,1.4342537853384298,1.4342537487838531,-0.028541907950267887,91.63555298069743,sha256:db0ee43e935ba39e3217adf9f3b4fca5c3525ccb630958b905851beaefac4d17,sha256:0d0e85902404a140783b0f2797f54c2b969d95fbf49fcf531364fac138bf47cd
qwen3_asr_1p7b,15,0.9999999733890199,0.9999999764478535,1.4006742358334343,1.400674270964535,0.01905579332898442,88.90811737884623,sha256:5940491f66d0639a2efb8c6f02fe5c67e8157ecc0904defdab96ce53a3fed661,sha256:a3483ad5f431e835a051b1f97c42b0e7b78db56aaa5b04f2e6fb504b2f19051d
qwen3_asr_1p7b,16,0.9999999749205306,0.9999999546572328,1.378958755863325,1.3789588044180066,0.04923630785903123,87.17782631786382,sha256:22c273862ca640e52834b18097cd6fce86c7c1e22b4026e68cde0ac26e5b5645,sha256:faa1e7752d62ba40b420e0f04ac68e41ec8d95a718c8df86669a6921cd0c3269
qwen3_asr_1p7b,17,0.9999999916479758,0.9999999453846758,1.367988579993263,1.3679886230625706,0.06430356358568606,86.31313338198156,sha256:8778d923f7e73c119475f0d601919ecce24d39df1ba8ab5534df20ecbab143af,sha256:571f45e6a66329783e096841a10119967213a2e90af1e585ad7ea9c14e822744
qwen3_asr_1p7b,18,1.0000000759094756,0.9999999797549088,1.3216003553866167,1.3216003186035807,0.12668629893345693,82.72185214214473,sha256:1719722c7a9e3c74e6b1c02663118d21f5d1813245568c71be5429803b5ac472,sha256:ebe7c71a56900f3158ff55920c31ba874407c8dbc37ecf1e0d2f5e7913f1b95a
qwen3_asr_1p7b,19,1.0000000410881356,0.9999999698580694,1.2713240717510088,1.2713240647929207,0.19186756113920275,78.93820696758664,sha256:ba66a75fe10a825ecc232c846202b3b05ae452dd37735d1f63c08ca62ff559cb,sha256:54b496c9baa1e9f859a3978a17c247d82dc5ec9134396372b30832950af121d8
qwen3_asr_1p7b,20,1.000000016163426,0.9999999857141574,1.217553336123995,1.217553334980966,0.25878193823836426,75.00220105489218,sha256:3721eb46d0127f33f4a5551f315a67fe6fe27500212af01b1468152637a2c9ca,sha256:4a314a1eca325316ce66b729d27f7eed450cddcbe92a79e101905ae5b123efac
qwen3_asr_1p7b,21,0.999999984153666,0.9999999307054488,1.2005267830596598,1.2005268341666178,0.2793676602229394,73.77753167032442,sha256:3b7333d2ae202bdb3cf141d1ef8c6ace593b07e77e6b92367082993a6d675d5c,sha256:a13fdf87693b8f170582ccb8ed4a67f843aa0ff9b268633e5546b53041650de8
qwen3_asr_1p7b,22,1.0000000174073014,1.0000000461202838,1.17158600336385,1.1715859661498362,0.31369316196037766,71.71806080658561,sha256:ad8103515fd3d6a9216949e054924e10b65a22a165d449f1adcc86fd145bc291,sha256:c0045c3e26b059d982145988e2c2de4d507b3c0968fb6be955e0d06a4618431d
qwen3_asr_1p7b,23,1.0000000622581224,0.9999999971397546,1.1593102464050853,1.159310211974801,0.327999916205471,70.85257657518154,sha256:ac2251af8aa8b71b222904994631e0a8716d11a312042e31bcc90da7acde2259,sha256:ce1ba868f69c8e0763078b2b84548ff02cd0d0c51cc21daae5c85ca7f6a00cd3
qwen3_asr_1p7b,24,1.000000042802537,1.0000000158625229,1.1471677278472905,1.1471676941979596,0.3420031406942686,70.00103669624576,sha256:15e674eaddb13f95f8cbbd52732a702dae76c1c5cb720b8a0986570d8ed288d4,sha256:982b77cd815d2af8601072587434749cd5252db1f9549c373da6de639c07ad1f
qwen3_asr_1p7b,25,1.000000001736701,1.0000000060037428,1.1253662061808918,1.125366201825475,0.3667754558944525,68.48311179083738,sha256:e5aa723ce60812ad80b8101624ef77393a5827aa87d207d513742a6d8d480232,sha256:c032d10d91ce69aa4efa16d3396546fc0a9131e94df334deeaba2f91c2ceb59a
qwen3_asr_1p7b,26,1.000000028504735,0.9999999808766947,1.1611351103988554,1.161135104952301,0.3258826340237046,70.98094232669435,sha256:b37e3c16d6b976c5bd56934f77093dda27054c53049f22da117f692e894ba845,sha256:e3782ffe664cb993aa0757db13e9417b4901c9818db5b7499e37397dce480269
qwen3_asr_1p7b,27,0.9999999257455836,0.999999947446941,1.1398794203678952,1.1398794926405156,0.35033737112880053,69.49204837697121,sha256:40e766318b4ed4738f72c458d9b50acdf5b949d86ea9e83da0e3367ef4b92b61,sha256:dda87f8dc708598b44fe584fc767256b6c851da22171349a53d81a79fbb2692d
