Dataset,Scope,geometry,outcome,pearson,spearman,n
cs_dialogue,global,cos_raw_cond,Raw-PIER-gain,0.7883051668127876,0.39999999999999997,4
cs_dialogue,global,cos_raw_cond,Cond-PIER-gain,0.9563358357738111,0.7999999999999999,4
cs_dialogue,global,cos_raw_cond,Raw-Matrix-Ret,0.02301017944539544,-0.19999999999999998,4
cs_dialogue,global,cos_raw_cond,Cond-Matrix-Ret,-0.8505103121362932,-1.0,4
cs_dialogue,global,cos_raw_cond,Raw-Outside,-0.043182643579017334,0.19999999999999998,4
cs_dialogue,global,cos_raw_cond,Cond-Outside,0.847018731928954,1.0,4
cs_dialogue,global,angle_deg,Raw-PIER-gain,-0.7879206618974807,-0.39999999999999997,4
cs_dialogue,global,angle_deg,Cond-PIER-gain,-0.9565008838446412,-0.7999999999999999,4
cs_dialogue,global,angle_deg,Raw-Matrix-Ret,-0.02399515947074576,0.19999999999999998,4
cs_dialogue,global,angle_deg,Cond-Matrix-Ret,0.8511279132547166,1.0,4
cs_dialogue,global,angle_deg,Raw-Outside,0.044167570847535156,-0.19999999999999998,4
cs_dialogue,global,angle_deg,Cond-Outside,-0.8476424987714901,-1.0,4
cs_dialogue,global,unit_l2,Raw-PIER-gain,-0.7790884124266514,-0.39999999999999997,4
cs_dialogue,global,unit_l2,Cond-PIER-gain,-0.9577007746504326,-0.7999999999999999,4
cs_dialogue,global,unit_l2,Raw-Matrix-Ret,-0.04241244715901552,0.19999999999999998,4
cs_dialogue,global,unit_l2,Cond-Matrix-Ret,0.861153616408623,1.0,4
cs_dialogue,global,unit_l2,Raw-Outside,0.06257435550110003,-0.19999999999999998,4
cs_dialogue,global,unit_l2,Cond-Outside,-0.8577837509658145,-1.0,4
cs_dialogue,oracle_local,cos_raw_cond,Raw-PIER-gain,0.5443942364410604,0.39999999999999997,4
cs_dialogue,oracle_local,cos_raw_cond,Cond-PIER-gain,0.8996813316490605,0.7999999999999999,4
cs_dialogue,oracle_local,cos_raw_cond,Raw-Matrix-Ret,0.23404407245342917,0.19999999999999998,4
cs_dialogue,oracle_local,cos_raw_cond,Cond-Matrix-Ret,-0.8746309182492499,-1.0,4
cs_dialogue,oracle_local,cos_raw_cond,Raw-Outside,-0.7321271004414555,-0.39999999999999997,4
cs_dialogue,oracle_local,cos_raw_cond,Cond-Outside,0.8521768109966628,0.7999999999999999,4
cs_dialogue,oracle_local,angle_deg,Raw-PIER-gain,-0.5440501432848188,-0.39999999999999997,4
cs_dialogue,oracle_local,angle_deg,Cond-PIER-gain,-0.900197941703975,-0.7999999999999999,4
cs_dialogue,oracle_local,angle_deg,Raw-Matrix-Ret,-0.23340371086635864,-0.19999999999999998,4
cs_dialogue,oracle_local,angle_deg,Cond-Matrix-Ret,0.8751835331753837,1.0,4
cs_dialogue,oracle_local,angle_deg,Raw-Outside,0.7318916987479543,0.39999999999999997,4
cs_dialogue,oracle_local,angle_deg,Cond-Outside,-0.8527722919252134,-0.7999999999999999,4
cs_dialogue,oracle_local,unit_l2,Raw-PIER-gain,-0.5346348286700201,-0.39999999999999997,4
cs_dialogue,oracle_local,unit_l2,Cond-PIER-gain,-0.9081872226623176,-0.7999999999999999,4
cs_dialogue,oracle_local,unit_l2,Raw-Matrix-Ret,-0.21921645899047504,-0.19999999999999998,4
cs_dialogue,oracle_local,unit_l2,Cond-Matrix-Ret,0.8844685790348557,1.0,4
cs_dialogue,oracle_local,unit_l2,Raw-Outside,0.7248296975991921,0.39999999999999997,4
cs_dialogue,oracle_local,unit_l2,Cond-Outside,-0.8628119110746882,-0.7999999999999999,4
seame_dev_man,global,cos_raw_cond,Raw-PIER-gain,-0.48596786933344865,-0.39999999999999997,4
seame_dev_man,global,cos_raw_cond,Cond-PIER-gain,0.8047343770653218,0.7999999999999999,4
seame_dev_man,global,cos_raw_cond,Raw-Matrix-Ret,-0.053110883034338474,-0.19999999999999998,4
seame_dev_man,global,cos_raw_cond,Cond-Matrix-Ret,-0.8338578816107007,-0.7999999999999999,4
seame_dev_man,global,cos_raw_cond,Raw-Outside,,,0
seame_dev_man,global,cos_raw_cond,Cond-Outside,,,0
seame_dev_man,global,angle_deg,Raw-PIER-gain,0.48551848476676757,0.39999999999999997,4
seame_dev_man,global,angle_deg,Cond-PIER-gain,-0.8041680208265235,-0.7999999999999999,4
seame_dev_man,global,angle_deg,Raw-Matrix-Ret,0.05241634161595152,0.19999999999999998,4
seame_dev_man,global,angle_deg,Cond-Matrix-Ret,0.8345038781702329,0.7999999999999999,4
seame_dev_man,global,angle_deg,Raw-Outside,,,0
seame_dev_man,global,angle_deg,Cond-Outside,,,0
seame_dev_man,global,unit_l2,Raw-PIER-gain,0.4744310510052564,0.39999999999999997,4
seame_dev_man,global,unit_l2,Cond-PIER-gain,-0.7932514981175105,-0.7999999999999999,4
seame_dev_man,global,unit_l2,Raw-Matrix-Ret,0.03739925986482633,0.19999999999999998,4
seame_dev_man,global,unit_l2,Cond-Matrix-Ret,0.8450650899017972,0.7999999999999999,4
seame_dev_man,global,unit_l2,Raw-Outside,,,0
seame_dev_man,global,unit_l2,Cond-Outside,,,0
seame_dev_man,oracle_local,cos_raw_cond,Raw-PIER-gain,-0.23031639433301168,-0.39999999999999997,4
seame_dev_man,oracle_local,cos_raw_cond,Cond-PIER-gain,0.34804808494766687,0.39999999999999997,4
seame_dev_man,oracle_local,cos_raw_cond,Raw-Matrix-Ret,-0.25649813607286276,-0.39999999999999997,4
seame_dev_man,oracle_local,cos_raw_cond,Cond-Matrix-Ret,-0.8197924569342097,-0.39999999999999997,4
seame_dev_man,oracle_local,cos_raw_cond,Raw-Outside,,,0
seame_dev_man,oracle_local,cos_raw_cond,Cond-Outside,,,0
seame_dev_man,oracle_local,angle_deg,Raw-PIER-gain,0.23110866403828703,0.39999999999999997,4
seame_dev_man,oracle_local,angle_deg,Cond-PIER-gain,-0.34907886027683843,-0.39999999999999997,4
seame_dev_man,oracle_local,angle_deg,Raw-Matrix-Ret,0.2561251804884482,0.39999999999999997,4
seame_dev_man,oracle_local,angle_deg,Cond-Matrix-Ret,0.8204685172191031,0.39999999999999997,4
seame_dev_man,oracle_local,angle_deg,Raw-Outside,,,0
seame_dev_man,oracle_local,angle_deg,Cond-Outside,,,0
seame_dev_man,oracle_local,unit_l2,Raw-PIER-gain,0.2471380536446353,0.39999999999999997,4
seame_dev_man,oracle_local,unit_l2,Cond-PIER-gain,-0.36716529897585387,-0.39999999999999997,4
seame_dev_man,oracle_local,unit_l2,Raw-Matrix-Ret,0.24569322576321156,0.39999999999999997,4
seame_dev_man,oracle_local,unit_l2,Cond-Matrix-Ret,0.8313297456989878,0.39999999999999997,4
seame_dev_man,oracle_local,unit_l2,Raw-Outside,,,0
seame_dev_man,oracle_local,unit_l2,Cond-Outside,,,0
seame_dev_sge,global,cos_raw_cond,Raw-PIER-gain,-0.9226518231985099,-0.7999999999999999,4
seame_dev_sge,global,cos_raw_cond,Cond-PIER-gain,0.9374883443119465,0.7999999999999999,4
seame_dev_sge,global,cos_raw_cond,Raw-Matrix-Ret,-0.18770273778390173,-0.19999999999999998,4
seame_dev_sge,global,cos_raw_cond,Cond-Matrix-Ret,-0.8594831355090613,-1.0,4
seame_dev_sge,global,cos_raw_cond,Raw-Outside,,,0
seame_dev_sge,global,cos_raw_cond,Cond-Outside,,,0
seame_dev_sge,global,angle_deg,Raw-PIER-gain,0.9229184582280402,0.7999999999999999,4
seame_dev_sge,global,angle_deg,Cond-PIER-gain,-0.9371548625536122,-0.7999999999999999,4
seame_dev_sge,global,angle_deg,Raw-Matrix-Ret,0.1866492589226356,0.19999999999999998,4
seame_dev_sge,global,angle_deg,Cond-Matrix-Ret,0.8600783116065729,1.0,4
seame_dev_sge,global,angle_deg,Raw-Outside,,,0
seame_dev_sge,global,angle_deg,Cond-Outside,,,0
seame_dev_sge,global,unit_l2,Raw-PIER-gain,0.9254754344867346,0.7999999999999999,4
seame_dev_sge,global,unit_l2,Cond-PIER-gain,-0.9306438978047531,-0.7999999999999999,4
seame_dev_sge,global,unit_l2,Raw-Matrix-Ret,0.16775966448496826,0.19999999999999998,4
seame_dev_sge,global,unit_l2,Cond-Matrix-Ret,0.8698633495583701,1.0,4
seame_dev_sge,global,unit_l2,Raw-Outside,,,0
seame_dev_sge,global,unit_l2,Cond-Outside,,,0
seame_dev_sge,oracle_local,cos_raw_cond,Raw-PIER-gain,,0.7999999999999999,4
seame_dev_sge,oracle_local,cos_raw_cond,Cond-PIER-gain,0.8304416570147776,0.7999999999999999,4
seame_dev_sge,oracle_local,cos_raw_cond,Raw-Matrix-Ret,0.7523921845457208,0.7999999999999999,4
seame_dev_sge,oracle_local,cos_raw_cond,Cond-Matrix-Ret,-0.7718409820616637,-0.19999999999999998,4
seame_dev_sge,oracle_local,cos_raw_cond,Raw-Outside,,,0
seame_dev_sge,oracle_local,cos_raw_cond,Cond-Outside,,,0
seame_dev_sge,oracle_local,angle_deg,Raw-PIER-gain,,-0.7999999999999999,4
seame_dev_sge,oracle_local,angle_deg,Cond-PIER-gain,-0.8310997431057459,-0.7999999999999999,4
seame_dev_sge,oracle_local,angle_deg,Raw-Matrix-Ret,-0.7525655914273579,-0.7999999999999999,4
seame_dev_sge,oracle_local,angle_deg,Cond-Matrix-Ret,0.7725920448266635,0.19999999999999998,4
seame_dev_sge,oracle_local,angle_deg,Raw-Outside,,,0
seame_dev_sge,oracle_local,angle_deg,Cond-Outside,,,0
seame_dev_sge,oracle_local,unit_l2,Raw-PIER-gain,,-0.7999999999999999,4
seame_dev_sge,oracle_local,unit_l2,Cond-PIER-gain,-0.8416443193095238,-0.7999999999999999,4
seame_dev_sge,oracle_local,unit_l2,Raw-Matrix-Ret,-0.7520742583404685,-0.7999999999999999,4
seame_dev_sge,oracle_local,unit_l2,Cond-Matrix-Ret,0.7841917652423448,0.19999999999999998,4
seame_dev_sge,oracle_local,unit_l2,Raw-Outside,,,0
seame_dev_sge,oracle_local,unit_l2,Cond-Outside,,,0
